Alpha,Gamma,Epsilon,Average Reward
0.1,0.1,0.1,-0.135
0.1,0.1,0.2,-0.095
0.1,0.1,0.3,-0.105
0.1,0.1,0.4,-0.08
0.1,0.1,0.5,-0.111
0.1,0.1,0.6,-0.089
0.1,0.1,0.7,-0.115
0.1,0.1,0.8,-0.119
0.1,0.1,0.9,-0.092
0.1,0.1,1.0,-0.148
0.1,0.2,0.1,-0.107
0.1,0.2,0.2,-0.092
0.1,0.2,0.3,-0.101
0.1,0.2,0.4,-0.125
0.1,0.2,0.5,-0.123
0.1,0.2,0.6,-0.14
0.1,0.2,0.7,-0.153
0.1,0.2,0.8,-0.154
0.1,0.2,0.9,-0.097
0.1,0.2,1.0,-0.182
0.1,0.3,0.1,-0.107
0.1,0.3,0.2,-0.148
0.1,0.3,0.3,-0.197
0.1,0.3,0.4,-0.097
0.1,0.3,0.5,-0.145
0.1,0.3,0.6,-0.151
0.1,0.3,0.7,-0.139
0.1,0.3,0.8,-0.184
0.1,0.3,0.9,-0.15
0.1,0.3,1.0,-0.128
0.1,0.4,0.1,-0.131
0.1,0.4,0.2,-0.095
0.1,0.4,0.3,-0.164
0.1,0.4,0.4,-0.132
0.1,0.4,0.5,-0.144
0.1,0.4,0.6,-0.162
0.1,0.4,0.7,-0.157
0.1,0.4,0.8,-0.152
0.1,0.4,0.9,-0.096
0.1,0.4,1.0,-0.164
0.1,0.5,0.1,-0.106
0.1,0.5,0.2,-0.082
0.1,0.5,0.3,-0.175
0.1,0.5,0.4,-0.123
0.1,0.5,0.5,-0.141
0.1,0.5,0.6,-0.155
0.1,0.5,0.7,-0.148
0.1,0.5,0.8,-0.115
0.1,0.5,0.9,-0.145
0.1,0.5,1.0,-0.173
0.1,0.6,0.1,-0.157
0.1,0.6,0.2,-0.105
0.1,0.6,0.3,-0.09
0.1,0.6,0.4,-0.094
0.1,0.6,0.5,-0.104
0.1,0.6,0.6,-0.154
0.1,0.6,0.7,-0.092
0.1,0.6,0.8,-0.154
0.1,0.6,0.9,-0.15
0.1,0.6,1.0,-0.161
0.1,0.7,0.1,-0.096
0.1,0.7,0.2,-0.138
0.1,0.7,0.3,-0.122
0.1,0.7,0.4,-0.214
0.1,0.7,0.5,-0.122
0.1,0.7,0.6,-0.096
0.1,0.7,0.7,-0.225
0.1,0.7,0.8,-0.162
0.1,0.7,0.9,-0.171
0.1,0.7,1.0,-0.109
0.1,0.8,0.1,-0.109
0.1,0.8,0.2,-0.194
0.1,0.8,0.3,-0.095
0.1,0.8,0.4,-0.08
0.1,0.8,0.5,-0.171
0.1,0.8,0.6,-0.138
0.1,0.8,0.7,-0.104
0.1,0.8,0.8,-0.109
0.1,0.8,0.9,-0.127
0.1,0.8,1.0,-0.162
0.1,0.9,0.1,-0.121
0.1,0.9,0.2,-0.128
0.1,0.9,0.3,-0.141
0.1,0.9,0.4,-0.128
0.1,0.9,0.5,-0.076
0.1,0.9,0.6,-0.135
0.1,0.9,0.7,-0.167
0.1,0.9,0.8,-0.134
0.1,0.9,0.9,-0.112
0.1,0.9,1.0,-0.151
0.1,1.0,0.1,-0.074
0.1,1.0,0.2,-0.113
0.1,1.0,0.3,-0.09
0.1,1.0,0.4,-0.097
0.1,1.0,0.5,-0.094
0.1,1.0,0.6,-0.112
0.1,1.0,0.7,-0.126
0.1,1.0,0.8,-0.151
0.1,1.0,0.9,-0.117
0.1,1.0,1.0,-0.174
0.2,0.1,0.1,-0.105
0.2,0.1,0.2,-0.151
0.2,0.1,0.3,-0.136
0.2,0.1,0.4,-0.111
0.2,0.1,0.5,-0.091
0.2,0.1,0.6,-0.124
0.2,0.1,0.7,-0.132
0.2,0.1,0.8,-0.14
0.2,0.1,0.9,-0.152
0.2,0.1,1.0,-0.171
0.2,0.2,0.1,-0.114
0.2,0.2,0.2,-0.144
0.2,0.2,0.3,-0.13
0.2,0.2,0.4,-0.143
0.2,0.2,0.5,-0.097
0.2,0.2,0.6,-0.144
0.2,0.2,0.7,-0.162
0.2,0.2,0.8,-0.115
0.2,0.2,0.9,-0.121
0.2,0.2,1.0,-0.136
0.2,0.3,0.1,-0.121
0.2,0.3,0.2,-0.11
0.2,0.3,0.3,-0.113
0.2,0.3,0.4,-0.098
0.2,0.3,0.5,-0.173
0.2,0.3,0.6,-0.142
0.2,0.3,0.7,-0.193
0.2,0.3,0.8,-0.185
0.2,0.3,0.9,-0.182
0.2,0.3,1.0,-0.157
0.2,0.4,0.1,-0.132
0.2,0.4,0.2,-0.175
0.2,0.4,0.3,-0.137
0.2,0.4,0.4,-0.149
0.2,0.4,0.5,-0.111
0.2,0.4,0.6,-0.154
0.2,0.4,0.7,-0.12
0.2,0.4,0.8,-0.141
0.2,0.4,0.9,-0.136
0.2,0.4,1.0,-0.167
0.2,0.5,0.1,-0.103
0.2,0.5,0.2,-0.087
0.2,0.5,0.3,-0.132
0.2,0.5,0.4,-0.115
0.2,0.5,0.5,-0.121
0.2,0.5,0.6,-0.092
0.2,0.5,0.7,-0.139
0.2,0.5,0.8,-0.126
0.2,0.5,0.9,-0.12
0.2,0.5,1.0,-0.153
0.2,0.6,0.1,-0.143
0.2,0.6,0.2,-0.143
0.2,0.6,0.3,-0.161
0.2,0.6,0.4,-0.132
0.2,0.6,0.5,-0.088
0.2,0.6,0.6,-0.158
0.2,0.6,0.7,-0.148
0.2,0.6,0.8,-0.128
0.2,0.6,0.9,-0.18
0.2,0.6,1.0,-0.17
0.2,0.7,0.1,-0.073
0.2,0.7,0.2,-0.141
0.2,0.7,0.3,-0.095
0.2,0.7,0.4,-0.127
0.2,0.7,0.5,-0.129
0.2,0.7,0.6,-0.122
0.2,0.7,0.7,-0.108
0.2,0.7,0.8,-0.18
0.2,0.7,0.9,-0.144
0.2,0.7,1.0,-0.136
0.2,0.8,0.1,-0.128
0.2,0.8,0.2,-0.146
0.2,0.8,0.3,-0.171
0.2,0.8,0.4,-0.119
0.2,0.8,0.5,-0.126
0.2,0.8,0.6,-0.13
0.2,0.8,0.7,-0.079
0.2,0.8,0.8,-0.1
0.2,0.8,0.9,-0.162
0.2,0.8,1.0,-0.104
0.2,0.9,0.1,-0.099
0.2,0.9,0.2,-0.107
0.2,0.9,0.3,-0.127
0.2,0.9,0.4,-0.137
0.2,0.9,0.5,-0.073
0.2,0.9,0.6,-0.121
0.2,0.9,0.7,-0.164
0.2,0.9,0.8,-0.117
0.2,0.9,0.9,-0.134
0.2,0.9,1.0,-0.162
0.2,1.0,0.1,-0.117
0.2,1.0,0.2,-0.154
0.2,1.0,0.3,-0.108
0.2,1.0,0.4,-0.126
0.2,1.0,0.5,-0.096
0.2,1.0,0.6,-0.085
0.2,1.0,0.7,-0.16
0.2,1.0,0.8,-0.138
0.2,1.0,0.9,-0.154
0.2,1.0,1.0,-0.128
0.3,0.1,0.1,-0.114
0.3,0.1,0.2,-0.129
0.3,0.1,0.3,-0.145
0.3,0.1,0.4,-0.112
0.3,0.1,0.5,-0.112
0.3,0.1,0.6,-0.102
0.3,0.1,0.7,-0.174
0.3,0.1,0.8,-0.131
0.3,0.1,0.9,-0.103
0.3,0.1,1.0,-0.141
0.3,0.2,0.1,-0.124
0.3,0.2,0.2,-0.107
0.3,0.2,0.3,-0.124
0.3,0.2,0.4,-0.108
0.3,0.2,0.5,-0.134
0.3,0.2,0.6,-0.136
0.3,0.2,0.7,-0.113
0.3,0.2,0.8,-0.129
0.3,0.2,0.9,-0.147
0.3,0.2,1.0,-0.204
0.3,0.3,0.1,-0.119
0.3,0.3,0.2,-0.126
0.3,0.3,0.3,-0.109
0.3,0.3,0.4,-0.142
0.3,0.3,0.5,-0.106
0.3,0.3,0.6,-0.164
0.3,0.3,0.7,-0.133
0.3,0.3,0.8,-0.132
0.3,0.3,0.9,-0.147
0.3,0.3,1.0,-0.198
0.3,0.4,0.1,-0.157
0.3,0.4,0.2,-0.109
0.3,0.4,0.3,-0.084
0.3,0.4,0.4,-0.114
0.3,0.4,0.5,-0.116
0.3,0.4,0.6,-0.107
0.3,0.4,0.7,-0.107
0.3,0.4,0.8,-0.114
0.3,0.4,0.9,-0.162
0.3,0.4,1.0,-0.168
0.3,0.5,0.1,-0.12
0.3,0.5,0.2,-0.097
0.3,0.5,0.3,-0.139
0.3,0.5,0.4,-0.113
0.3,0.5,0.5,-0.137
0.3,0.5,0.6,-0.159
0.3,0.5,0.7,-0.102
0.3,0.5,0.8,-0.117
0.3,0.5,0.9,-0.179
0.3,0.5,1.0,-0.14
0.3,0.6,0.1,-0.156
0.3,0.6,0.2,-0.16
0.3,0.6,0.3,-0.158
0.3,0.6,0.4,-0.098
0.3,0.6,0.5,-0.121
0.3,0.6,0.6,-0.132
0.3,0.6,0.7,-0.157
0.3,0.6,0.8,-0.09
0.3,0.6,0.9,-0.128
0.3,0.6,1.0,-0.179
0.3,0.7,0.1,-0.113
0.3,0.7,0.2,-0.123
0.3,0.7,0.3,-0.158
0.3,0.7,0.4,-0.125
0.3,0.7,0.5,-0.189
0.3,0.7,0.6,-0.065
0.3,0.7,0.7,-0.174
0.3,0.7,0.8,-0.07
0.3,0.7,0.9,-0.136
0.3,0.7,1.0,-0.147
0.3,0.8,0.1,-0.143
0.3,0.8,0.2,-0.156
0.3,0.8,0.3,-0.12
0.3,0.8,0.4,-0.149
0.3,0.8,0.5,-0.173
0.3,0.8,0.6,-0.122
0.3,0.8,0.7,-0.176
0.3,0.8,0.8,-0.096
0.3,0.8,0.9,-0.169
0.3,0.8,1.0,-0.196
0.3,0.9,0.1,-0.084
0.3,0.9,0.2,-0.152
0.3,0.9,0.3,-0.092
0.3,0.9,0.4,-0.161
0.3,0.9,0.5,-0.069
0.3,0.9,0.6,-0.111
0.3,0.9,0.7,-0.154
0.3,0.9,0.8,-0.061
0.3,0.9,0.9,-0.214
0.3,0.9,1.0,-0.169
0.3,1.0,0.1,-0.055
0.3,1.0,0.2,-0.121
0.3,1.0,0.3,-0.115
0.3,1.0,0.4,-0.111
0.3,1.0,0.5,-0.123
0.3,1.0,0.6,-0.1
0.3,1.0,0.7,-0.169
0.3,1.0,0.8,-0.133
0.3,1.0,0.9,-0.175
0.3,1.0,1.0,-0.119
0.4,0.1,0.1,-0.081
0.4,0.1,0.2,-0.089
0.4,0.1,0.3,-0.114
0.4,0.1,0.4,-0.051
0.4,0.1,0.5,-0.154
0.4,0.1,0.6,-0.188
0.4,0.1,0.7,-0.173
0.4,0.1,0.8,-0.149
0.4,0.1,0.9,-0.146
0.4,0.1,1.0,-0.143
0.4,0.2,0.1,-0.135
0.4,0.2,0.2,-0.109
0.4,0.2,0.3,-0.125
0.4,0.2,0.4,-0.117
0.4,0.2,0.5,-0.111
0.4,0.2,0.6,-0.144
0.4,0.2,0.7,-0.171
0.4,0.2,0.8,-0.147
0.4,0.2,0.9,-0.136
0.4,0.2,1.0,-0.149
0.4,0.3,0.1,-0.096
0.4,0.3,0.2,-0.137
0.4,0.3,0.3,-0.257
0.4,0.3,0.4,-0.148
0.4,0.3,0.5,-0.153
0.4,0.3,0.6,-0.1
0.4,0.3,0.7,-0.162
0.4,0.3,0.8,-0.082
0.4,0.3,0.9,-0.118
0.4,0.3,1.0,-0.132
0.4,0.4,0.1,-0.167
0.4,0.4,0.2,-0.063
0.4,0.4,0.3,-0.143
0.4,0.4,0.4,-0.157
0.4,0.4,0.5,-0.12
0.4,0.4,0.6,-0.158
0.4,0.4,0.7,-0.189
0.4,0.4,0.8,-0.117
0.4,0.4,0.9,-0.147
0.4,0.4,1.0,-0.144
0.4,0.5,0.1,-0.098
0.4,0.5,0.2,-0.086
0.4,0.5,0.3,-0.135
0.4,0.5,0.4,-0.1
0.4,0.5,0.5,-0.085
0.4,0.5,0.6,-0.173
0.4,0.5,0.7,-0.152
0.4,0.5,0.8,-0.164
0.4,0.5,0.9,-0.117
0.4,0.5,1.0,-0.199
0.4,0.6,0.1,-0.157
0.4,0.6,0.2,-0.101
0.4,0.6,0.3,-0.1
0.4,0.6,0.4,-0.072
0.4,0.6,0.5,-0.125
0.4,0.6,0.6,-0.155
0.4,0.6,0.7,-0.116
0.4,0.6,0.8,-0.117
0.4,0.6,0.9,-0.121
0.4,0.6,1.0,-0.158
0.4,0.7,0.1,-0.156
0.4,0.7,0.2,-0.143
0.4,0.7,0.3,-0.12
0.4,0.7,0.4,-0.159
0.4,0.7,0.5,-0.116
0.4,0.7,0.6,-0.179
0.4,0.7,0.7,-0.164
0.4,0.7,0.8,-0.135
0.4,0.7,0.9,-0.106
0.4,0.7,1.0,-0.171
0.4,0.8,0.1,-0.117
0.4,0.8,0.2,-0.108
0.4,0.8,0.3,-0.166
0.4,0.8,0.4,-0.153
0.4,0.8,0.5,-0.11
0.4,0.8,0.6,-0.102
0.4,0.8,0.7,-0.121
0.4,0.8,0.8,-0.16
0.4,0.8,0.9,-0.12
0.4,0.8,1.0,-0.167
0.4,0.9,0.1,-0.175
0.4,0.9,0.2,-0.123
0.4,0.9,0.3,-0.158
0.4,0.9,0.4,-0.161
0.4,0.9,0.5,-0.105
0.4,0.9,0.6,-0.113
0.4,0.9,0.7,-0.074
0.4,0.9,0.8,-0.149
0.4,0.9,0.9,-0.143
0.4,0.9,1.0,-0.095
0.4,1.0,0.1,-0.078
0.4,1.0,0.2,-0.099
0.4,1.0,0.3,-0.079
0.4,1.0,0.4,-0.135
0.4,1.0,0.5,-0.138
0.4,1.0,0.6,-0.092
0.4,1.0,0.7,-0.177
0.4,1.0,0.8,-0.144
0.4,1.0,0.9,-0.146
0.4,1.0,1.0,-0.185
0.5,0.1,0.1,-0.193
0.5,0.1,0.2,-0.157
0.5,0.1,0.3,-0.06
0.5,0.1,0.4,-0.137
0.5,0.1,0.5,-0.104
0.5,0.1,0.6,-0.14
0.5,0.1,0.7,-0.114
0.5,0.1,0.8,-0.131
0.5,0.1,0.9,-0.122
0.5,0.1,1.0,-0.2
0.5,0.2,0.1,-0.145
0.5,0.2,0.2,-0.131
0.5,0.2,0.3,-0.127
0.5,0.2,0.4,-0.119
0.5,0.2,0.5,-0.11
0.5,0.2,0.6,-0.13
0.5,0.2,0.7,-0.106
0.5,0.2,0.8,-0.152
0.5,0.2,0.9,-0.105
0.5,0.2,1.0,-0.131
0.5,0.3,0.1,-0.097
0.5,0.3,0.2,-0.106
0.5,0.3,0.3,-0.12
0.5,0.3,0.4,-0.158
0.5,0.3,0.5,-0.091
0.5,0.3,0.6,-0.089
0.5,0.3,0.7,-0.206
0.5,0.3,0.8,-0.13
0.5,0.3,0.9,-0.152
0.5,0.3,1.0,-0.133
0.5,0.4,0.1,-0.141
0.5,0.4,0.2,-0.097
0.5,0.4,0.3,-0.124
0.5,0.4,0.4,-0.114
0.5,0.4,0.5,-0.124
0.5,0.4,0.6,-0.213
0.5,0.4,0.7,-0.158
0.5,0.4,0.8,-0.167
0.5,0.4,0.9,-0.199
0.5,0.4,1.0,-0.137
0.5,0.5,0.1,-0.124
0.5,0.5,0.2,-0.056
0.5,0.5,0.3,-0.156
0.5,0.5,0.4,-0.152
0.5,0.5,0.5,-0.109
0.5,0.5,0.6,-0.134
0.5,0.5,0.7,-0.135
0.5,0.5,0.8,-0.143
0.5,0.5,0.9,-0.184
0.5,0.5,1.0,-0.167
0.5,0.6,0.1,-0.139
0.5,0.6,0.2,-0.179
0.5,0.6,0.3,-0.118
0.5,0.6,0.4,-0.151
0.5,0.6,0.5,-0.121
0.5,0.6,0.6,-0.135
0.5,0.6,0.7,-0.108
0.5,0.6,0.8,-0.108
0.5,0.6,0.9,-0.108
0.5,0.6,1.0,-0.13
0.5,0.7,0.1,-0.075
0.5,0.7,0.2,-0.113
0.5,0.7,0.3,-0.13
0.5,0.7,0.4,-0.137
0.5,0.7,0.5,-0.088
0.5,0.7,0.6,-0.138
0.5,0.7,0.7,-0.078
0.5,0.7,0.8,-0.204
0.5,0.7,0.9,-0.154
0.5,0.7,1.0,-0.147
0.5,0.8,0.1,-0.14
0.5,0.8,0.2,-0.181
0.5,0.8,0.3,-0.126
0.5,0.8,0.4,-0.07
0.5,0.8,0.5,-0.152
0.5,0.8,0.6,-0.135
0.5,0.8,0.7,-0.144
0.5,0.8,0.8,-0.054
0.5,0.8,0.9,-0.179
0.5,0.8,1.0,-0.141
0.5,0.9,0.1,-0.113
0.5,0.9,0.2,-0.144
0.5,0.9,0.3,-0.112
0.5,0.9,0.4,-0.116
0.5,0.9,0.5,-0.144
0.5,0.9,0.6,-0.082
0.5,0.9,0.7,-0.162
0.5,0.9,0.8,-0.129
0.5,0.9,0.9,-0.085
0.5,0.9,1.0,-0.198
0.5,1.0,0.1,-0.133
0.5,1.0,0.2,-0.07
0.5,1.0,0.3,-0.104
0.5,1.0,0.4,-0.111
0.5,1.0,0.5,-0.117
0.5,1.0,0.6,-0.101
0.5,1.0,0.7,-0.143
0.5,1.0,0.8,-0.173
0.5,1.0,0.9,-0.134
0.5,1.0,1.0,-0.116
0.6,0.1,0.1,-0.07
0.6,0.1,0.2,-0.115
0.6,0.1,0.3,-0.116
0.6,0.1,0.4,-0.123
0.6,0.1,0.5,-0.138
0.6,0.1,0.6,-0.129
0.6,0.1,0.7,-0.13
0.6,0.1,0.8,-0.195
0.6,0.1,0.9,-0.07
0.6,0.1,1.0,-0.184
0.6,0.2,0.1,-0.12
0.6,0.2,0.2,-0.099
0.6,0.2,0.3,-0.166
0.6,0.2,0.4,-0.122
0.6,0.2,0.5,-0.077
0.6,0.2,0.6,-0.133
0.6,0.2,0.7,-0.124
0.6,0.2,0.8,-0.194
0.6,0.2,0.9,-0.125
0.6,0.2,1.0,-0.151
0.6,0.3,0.1,-0.117
0.6,0.3,0.2,-0.123
0.6,0.3,0.3,-0.066
0.6,0.3,0.4,-0.152
0.6,0.3,0.5,-0.132
0.6,0.3,0.6,-0.138
0.6,0.3,0.7,-0.155
0.6,0.3,0.8,-0.07
0.6,0.3,0.9,-0.147
0.6,0.3,1.0,-0.173
0.6,0.4,0.1,-0.154
0.6,0.4,0.2,-0.125
0.6,0.4,0.3,-0.136
0.6,0.4,0.4,-0.177
0.6,0.4,0.5,-0.077
0.6,0.4,0.6,-0.181
0.6,0.4,0.7,-0.109
0.6,0.4,0.8,-0.146
0.6,0.4,0.9,-0.103
0.6,0.4,1.0,-0.141
0.6,0.5,0.1,-0.149
0.6,0.5,0.2,-0.099
0.6,0.5,0.3,-0.114
0.6,0.5,0.4,-0.162
0.6,0.5,0.5,-0.103
0.6,0.5,0.6,-0.153
0.6,0.5,0.7,-0.153
0.6,0.5,0.8,-0.174
0.6,0.5,0.9,-0.164
0.6,0.5,1.0,-0.189
0.6,0.6,0.1,-0.087
0.6,0.6,0.2,-0.08
0.6,0.6,0.3,-0.073
0.6,0.6,0.4,-0.17
0.6,0.6,0.5,-0.214
0.6,0.6,0.6,-0.172
0.6,0.6,0.7,-0.12
0.6,0.6,0.8,-0.109
0.6,0.6,0.9,-0.165
0.6,0.6,1.0,-0.15
0.6,0.7,0.1,-0.145
0.6,0.7,0.2,-0.083
0.6,0.7,0.3,-0.153
0.6,0.7,0.4,-0.124
0.6,0.7,0.5,-0.137
0.6,0.7,0.6,-0.094
0.6,0.7,0.7,-0.127
0.6,0.7,0.8,-0.167
0.6,0.7,0.9,-0.2
0.6,0.7,1.0,-0.184
0.6,0.8,0.1,-0.166
0.6,0.8,0.2,-0.105
0.6,0.8,0.3,-0.13
0.6,0.8,0.4,-0.101
0.6,0.8,0.5,-0.161
0.6,0.8,0.6,-0.155
0.6,0.8,0.7,-0.113
0.6,0.8,0.8,-0.175
0.6,0.8,0.9,-0.122
0.6,0.8,1.0,-0.196
0.6,0.9,0.1,-0.12
0.6,0.9,0.2,-0.127
0.6,0.9,0.3,-0.118
0.6,0.9,0.4,-0.094
0.6,0.9,0.5,-0.177
0.6,0.9,0.6,-0.137
0.6,0.9,0.7,-0.147
0.6,0.9,0.8,-0.147
0.6,0.9,0.9,-0.138
0.6,0.9,1.0,-0.148
0.6,1.0,0.1,-0.126
0.6,1.0,0.2,-0.172
0.6,1.0,0.3,-0.092
0.6,1.0,0.4,-0.159
0.6,1.0,0.5,-0.137
0.6,1.0,0.6,-0.122
0.6,1.0,0.7,-0.128
0.6,1.0,0.8,-0.122
0.6,1.0,0.9,-0.192
0.6,1.0,1.0,-0.146
0.7,0.1,0.1,-0.119
0.7,0.1,0.2,-0.101
0.7,0.1,0.3,-0.135
0.7,0.1,0.4,-0.138
0.7,0.1,0.5,-0.119
0.7,0.1,0.6,-0.074
0.7,0.1,0.7,-0.106
0.7,0.1,0.8,-0.163
0.7,0.1,0.9,-0.181
0.7,0.1,1.0,-0.13
0.7,0.2,0.1,-0.134
0.7,0.2,0.2,-0.134
0.7,0.2,0.3,-0.143
0.7,0.2,0.4,-0.129
0.7,0.2,0.5,-0.153
0.7,0.2,0.6,-0.12
0.7,0.2,0.7,-0.137
0.7,0.2,0.8,-0.17
0.7,0.2,0.9,-0.104
0.7,0.2,1.0,-0.153
0.7,0.3,0.1,-0.1
0.7,0.3,0.2,-0.138
0.7,0.3,0.3,-0.159
0.7,0.3,0.4,-0.203
0.7,0.3,0.5,-0.157
0.7,0.3,0.6,-0.143
0.7,0.3,0.7,-0.13
0.7,0.3,0.8,-0.102
0.7,0.3,0.9,-0.085
0.7,0.3,1.0,-0.156
0.7,0.4,0.1,-0.147
0.7,0.4,0.2,-0.114
0.7,0.4,0.3,-0.123
0.7,0.4,0.4,-0.115
0.7,0.4,0.5,-0.155
0.7,0.4,0.6,-0.145
0.7,0.4,0.7,-0.124
0.7,0.4,0.8,-0.112
0.7,0.4,0.9,-0.179
0.7,0.4,1.0,-0.121
0.7,0.5,0.1,-0.137
0.7,0.5,0.2,-0.123
0.7,0.5,0.3,-0.125
0.7,0.5,0.4,-0.147
0.7,0.5,0.5,-0.119
0.7,0.5,0.6,-0.183
0.7,0.5,0.7,-0.132
0.7,0.5,0.8,-0.141
0.7,0.5,0.9,-0.128
0.7,0.5,1.0,-0.105
0.7,0.6,0.1,-0.077
0.7,0.6,0.2,-0.13
0.7,0.6,0.3,-0.131
0.7,0.6,0.4,-0.13
0.7,0.6,0.5,-0.102
0.7,0.6,0.6,-0.131
0.7,0.6,0.7,-0.161
0.7,0.6,0.8,-0.204
0.7,0.6,0.9,-0.144
0.7,0.6,1.0,-0.097
0.7,0.7,0.1,-0.088
0.7,0.7,0.2,-0.16
0.7,0.7,0.3,-0.103
0.7,0.7,0.4,-0.113
0.7,0.7,0.5,-0.155
0.7,0.7,0.6,-0.114
0.7,0.7,0.7,-0.107
0.7,0.7,0.8,-0.119
0.7,0.7,0.9,-0.211
0.7,0.7,1.0,-0.136
0.7,0.8,0.1,-0.067
0.7,0.8,0.2,-0.117
0.7,0.8,0.3,-0.141
0.7,0.8,0.4,-0.053
0.7,0.8,0.5,-0.2
0.7,0.8,0.6,-0.121
0.7,0.8,0.7,-0.138
0.7,0.8,0.8,-0.106
0.7,0.8,0.9,-0.148
0.7,0.8,1.0,-0.158
0.7,0.9,0.1,-0.124
0.7,0.9,0.2,-0.151
0.7,0.9,0.3,-0.14
0.7,0.9,0.4,-0.12
0.7,0.9,0.5,-0.119
0.7,0.9,0.6,-0.166
0.7,0.9,0.7,-0.121
0.7,0.9,0.8,-0.186
0.7,0.9,0.9,-0.195
0.7,0.9,1.0,-0.109
0.7,1.0,0.1,-0.054
0.7,1.0,0.2,-0.133
0.7,1.0,0.3,-0.098
0.7,1.0,0.4,-0.188
0.7,1.0,0.5,-0.154
0.7,1.0,0.6,-0.114
0.7,1.0,0.7,-0.154
0.7,1.0,0.8,-0.116
0.7,1.0,0.9,-0.18
0.7,1.0,1.0,-0.153
0.8,0.1,0.1,-0.113
0.8,0.1,0.2,-0.096
0.8,0.1,0.3,-0.146
0.8,0.1,0.4,-0.108
0.8,0.1,0.5,-0.105
0.8,0.1,0.6,-0.109
0.8,0.1,0.7,-0.104
0.8,0.1,0.8,-0.139
0.8,0.1,0.9,-0.121
0.8,0.1,1.0,-0.21
0.8,0.2,0.1,-0.081
0.8,0.2,0.2,-0.078
0.8,0.2,0.3,-0.071
0.8,0.2,0.4,-0.12
0.8,0.2,0.5,-0.14
0.8,0.2,0.6,-0.152
0.8,0.2,0.7,-0.14
0.8,0.2,0.8,-0.141
0.8,0.2,0.9,-0.103
0.8,0.2,1.0,-0.166
0.8,0.3,0.1,-0.098
0.8,0.3,0.2,-0.146
0.8,0.3,0.3,-0.148
0.8,0.3,0.4,-0.117
0.8,0.3,0.5,-0.136
0.8,0.3,0.6,-0.146
0.8,0.3,0.7,-0.125
0.8,0.3,0.8,-0.09
0.8,0.3,0.9,-0.141
0.8,0.3,1.0,-0.192
0.8,0.4,0.1,-0.117
0.8,0.4,0.2,-0.092
0.8,0.4,0.3,-0.11
0.8,0.4,0.4,-0.068
0.8,0.4,0.5,-0.13
0.8,0.4,0.6,-0.132
0.8,0.4,0.7,-0.099
0.8,0.4,0.8,-0.148
0.8,0.4,0.9,-0.122
0.8,0.4,1.0,-0.154
0.8,0.5,0.1,-0.103
0.8,0.5,0.2,-0.137
0.8,0.5,0.3,-0.081
0.8,0.5,0.4,-0.14
0.8,0.5,0.5,-0.111
0.8,0.5,0.6,-0.131
0.8,0.5,0.7,-0.168
0.8,0.5,0.8,-0.083
0.8,0.5,0.9,-0.168
0.8,0.5,1.0,-0.153
0.8,0.6,0.1,-0.091
0.8,0.6,0.2,-0.146
0.8,0.6,0.3,-0.107
0.8,0.6,0.4,-0.091
0.8,0.6,0.5,-0.103
0.8,0.6,0.6,-0.083
0.8,0.6,0.7,-0.154
0.8,0.6,0.8,-0.146
0.8,0.6,0.9,-0.146
0.8,0.6,1.0,-0.153
0.8,0.7,0.1,-0.126
0.8,0.7,0.2,-0.108
0.8,0.7,0.3,-0.172
0.8,0.7,0.4,-0.112
0.8,0.7,0.5,-0.118
0.8,0.7,0.6,-0.09
0.8,0.7,0.7,-0.105
0.8,0.7,0.8,-0.17
0.8,0.7,0.9,-0.166
0.8,0.7,1.0,-0.178
0.8,0.8,0.1,-0.147
0.8,0.8,0.2,-0.085
0.8,0.8,0.3,-0.107
0.8,0.8,0.4,-0.1
0.8,0.8,0.5,-0.141
0.8,0.8,0.6,-0.124
0.8,0.8,0.7,-0.096
0.8,0.8,0.8,-0.125
0.8,0.8,0.9,-0.09
0.8,0.8,1.0,-0.161
0.8,0.9,0.1,-0.119
0.8,0.9,0.2,-0.132
0.8,0.9,0.3,-0.067
0.8,0.9,0.4,-0.114
0.8,0.9,0.5,-0.155
0.8,0.9,0.6,-0.149
0.8,0.9,0.7,-0.109
0.8,0.9,0.8,-0.138
0.8,0.9,0.9,-0.119
0.8,0.9,1.0,-0.1
0.8,1.0,0.1,-0.103
0.8,1.0,0.2,-0.081
0.8,1.0,0.3,-0.091
0.8,1.0,0.4,-0.132
0.8,1.0,0.5,-0.13
0.8,1.0,0.6,-0.127
0.8,1.0,0.7,-0.182
0.8,1.0,0.8,-0.127
0.8,1.0,0.9,-0.17
0.8,1.0,1.0,-0.213
0.9,0.1,0.1,-0.105
0.9,0.1,0.2,-0.133
0.9,0.1,0.3,-0.143
0.9,0.1,0.4,-0.147
0.9,0.1,0.5,-0.143
0.9,0.1,0.6,-0.155
0.9,0.1,0.7,-0.136
0.9,0.1,0.8,-0.14
0.9,0.1,0.9,-0.107
0.9,0.1,1.0,-0.198
0.9,0.2,0.1,-0.107
0.9,0.2,0.2,-0.116
0.9,0.2,0.3,-0.124
0.9,0.2,0.4,-0.069
0.9,0.2,0.5,-0.072
0.9,0.2,0.6,-0.151
0.9,0.2,0.7,-0.183
0.9,0.2,0.8,-0.134
0.9,0.2,0.9,-0.147
0.9,0.2,1.0,-0.152
0.9,0.3,0.1,-0.205
0.9,0.3,0.2,-0.157
0.9,0.3,0.3,-0.113
0.9,0.3,0.4,-0.139
0.9,0.3,0.5,-0.113
0.9,0.3,0.6,-0.119
0.9,0.3,0.7,-0.119
0.9,0.3,0.8,-0.162
0.9,0.3,0.9,-0.16
0.9,0.3,1.0,-0.117
0.9,0.4,0.1,-0.134
0.9,0.4,0.2,-0.158
0.9,0.4,0.3,-0.132
0.9,0.4,0.4,-0.164
0.9,0.4,0.5,-0.116
0.9,0.4,0.6,-0.155
0.9,0.4,0.7,-0.085
0.9,0.4,0.8,-0.137
0.9,0.4,0.9,-0.145
0.9,0.4,1.0,-0.148
0.9,0.5,0.1,-0.124
0.9,0.5,0.2,-0.146
0.9,0.5,0.3,-0.117
0.9,0.5,0.4,-0.087
0.9,0.5,0.5,-0.141
0.9,0.5,0.6,-0.146
0.9,0.5,0.7,-0.128
0.9,0.5,0.8,-0.091
0.9,0.5,0.9,-0.142
0.9,0.5,1.0,-0.173
0.9,0.6,0.1,-0.094
0.9,0.6,0.2,-0.096
0.9,0.6,0.3,-0.137
0.9,0.6,0.4,-0.116
0.9,0.6,0.5,-0.149
0.9,0.6,0.6,-0.166
0.9,0.6,0.7,-0.107
0.9,0.6,0.8,-0.242
0.9,0.6,0.9,-0.154
0.9,0.6,1.0,-0.131
0.9,0.7,0.1,-0.094
0.9,0.7,0.2,-0.143
0.9,0.7,0.3,-0.145
0.9,0.7,0.4,-0.127
0.9,0.7,0.5,-0.144
0.9,0.7,0.6,-0.086
0.9,0.7,0.7,-0.092
0.9,0.7,0.8,-0.118
0.9,0.7,0.9,-0.175
0.9,0.7,1.0,-0.215
0.9,0.8,0.1,-0.114
0.9,0.8,0.2,-0.087
0.9,0.8,0.3,-0.106
0.9,0.8,0.4,-0.133
0.9,0.8,0.5,-0.149
0.9,0.8,0.6,-0.134
0.9,0.8,0.7,-0.132
0.9,0.8,0.8,-0.147
0.9,0.8,0.9,-0.145
0.9,0.8,1.0,-0.15
0.9,0.9,0.1,-0.107
0.9,0.9,0.2,-0.141
0.9,0.9,0.3,-0.145
0.9,0.9,0.4,-0.153
0.9,0.9,0.5,-0.077
0.9,0.9,0.6,-0.106
0.9,0.9,0.7,-0.146
0.9,0.9,0.8,-0.104
0.9,0.9,0.9,-0.121
0.9,0.9,1.0,-0.105
0.9,1.0,0.1,-0.174
0.9,1.0,0.2,-0.173
0.9,1.0,0.3,-0.11
0.9,1.0,0.4,-0.106
0.9,1.0,0.5,-0.149
0.9,1.0,0.6,-0.065
0.9,1.0,0.7,-0.105
0.9,1.0,0.8,-0.135
0.9,1.0,0.9,-0.184
0.9,1.0,1.0,-0.162
1.0,0.1,0.1,-0.067
1.0,0.1,0.2,-0.112
1.0,0.1,0.3,-0.143
1.0,0.1,0.4,-0.09
1.0,0.1,0.5,-0.121
1.0,0.1,0.6,-0.196
1.0,0.1,0.7,-0.124
1.0,0.1,0.8,-0.162
1.0,0.1,0.9,-0.139
1.0,0.1,1.0,-0.113
1.0,0.2,0.1,-0.11
1.0,0.2,0.2,-0.123
1.0,0.2,0.3,-0.105
1.0,0.2,0.4,-0.138
1.0,0.2,0.5,-0.116
1.0,0.2,0.6,-0.125
1.0,0.2,0.7,-0.149
1.0,0.2,0.8,-0.08
1.0,0.2,0.9,-0.153
1.0,0.2,1.0,-0.154
1.0,0.3,0.1,-0.118
1.0,0.3,0.2,-0.168
1.0,0.3,0.3,-0.133
1.0,0.3,0.4,-0.074
1.0,0.3,0.5,-0.163
1.0,0.3,0.6,-0.139
1.0,0.3,0.7,-0.127
1.0,0.3,0.8,-0.107
1.0,0.3,0.9,-0.147
1.0,0.3,1.0,-0.097
1.0,0.4,0.1,-0.118
1.0,0.4,0.2,-0.144
1.0,0.4,0.3,-0.081
1.0,0.4,0.4,-0.17
1.0,0.4,0.5,-0.144
1.0,0.4,0.6,-0.126
1.0,0.4,0.7,-0.115
1.0,0.4,0.8,-0.18
1.0,0.4,0.9,-0.105
1.0,0.4,1.0,-0.083
1.0,0.5,0.1,-0.111
1.0,0.5,0.2,-0.128
1.0,0.5,0.3,-0.046
1.0,0.5,0.4,-0.116
1.0,0.5,0.5,-0.118
1.0,0.5,0.6,-0.18
1.0,0.5,0.7,-0.123
1.0,0.5,0.8,-0.124
1.0,0.5,0.9,-0.161
1.0,0.5,1.0,-0.178
1.0,0.6,0.1,-0.143
1.0,0.6,0.2,-0.117
1.0,0.6,0.3,-0.112
1.0,0.6,0.4,-0.131
1.0,0.6,0.5,-0.138
1.0,0.6,0.6,-0.154
1.0,0.6,0.7,-0.185
1.0,0.6,0.8,-0.168
1.0,0.6,0.9,-0.144
1.0,0.6,1.0,-0.204
1.0,0.7,0.1,-0.155
1.0,0.7,0.2,-0.132
1.0,0.7,0.3,-0.11
1.0,0.7,0.4,-0.138
1.0,0.7,0.5,-0.069
1.0,0.7,0.6,-0.139
1.0,0.7,0.7,-0.165
1.0,0.7,0.8,-0.121
1.0,0.7,0.9,-0.151
1.0,0.7,1.0,-0.116
1.0,0.8,0.1,-0.131
1.0,0.8,0.2,-0.135
1.0,0.8,0.3,-0.1
1.0,0.8,0.4,-0.108
1.0,0.8,0.5,-0.129
1.0,0.8,0.6,-0.11
1.0,0.8,0.7,-0.111
1.0,0.8,0.8,-0.199
1.0,0.8,0.9,-0.121
1.0,0.8,1.0,-0.133
1.0,0.9,0.1,-0.155
1.0,0.9,0.2,-0.107
1.0,0.9,0.3,-0.114
1.0,0.9,0.4,-0.106
1.0,0.9,0.5,-0.09
1.0,0.9,0.6,-0.142
1.0,0.9,0.7,-0.154
1.0,0.9,0.8,-0.171
1.0,0.9,0.9,-0.142
1.0,0.9,1.0,-0.115
1.0,1.0,0.1,-0.162
1.0,1.0,0.2,-0.119
1.0,1.0,0.3,-0.133
1.0,1.0,0.4,-0.105
1.0,1.0,0.5,-0.111
1.0,1.0,0.6,-0.088
1.0,1.0,0.7,-0.137
1.0,1.0,0.8,-0.141
1.0,1.0,0.9,-0.14
1.0,1.0,1.0,-0.115
Alpha,Gamma,Epsilon,Average Reward
0.1,0.1,0.1,-0.117
0.1,0.1,0.2,-0.123
0.1,0.1,0.3,-0.117
0.1,0.1,0.4,-0.124
0.1,0.1,0.5,-0.154
0.1,0.1,0.6,-0.134
0.1,0.1,0.7,-0.065
0.1,0.1,0.8,-0.168
0.1,0.1,0.9,-0.096
0.1,0.1,1.0,-0.171
0.1,0.2,0.1,-0.092
0.1,0.2,0.2,-0.147
0.1,0.2,0.3,-0.115
0.1,0.2,0.4,-0.073
0.1,0.2,0.5,-0.091
0.1,0.2,0.6,-0.146
0.1,0.2,0.7,-0.135
0.1,0.2,0.8,-0.157
0.1,0.2,0.9,-0.175
0.1,0.2,1.0,-0.148
0.1,0.3,0.1,-0.114
0.1,0.3,0.2,-0.11
0.1,0.3,0.3,-0.094
0.1,0.3,0.4,-0.136
0.1,0.3,0.5,-0.095
0.1,0.3,0.6,-0.15
0.1,0.3,0.7,-0.116
0.1,0.3,0.8,-0.148
0.1,0.3,0.9,-0.13
0.1,0.3,1.0,-0.209
0.1,0.4,0.1,-0.162
0.1,0.4,0.2,-0.162
0.1,0.4,0.3,-0.14
0.1,0.4,0.4,-0.129
0.1,0.4,0.5,-0.171
0.1,0.4,0.6,-0.107
0.1,0.4,0.7,-0.14
0.1,0.4,0.8,-0.126
0.1,0.4,0.9,-0.13
0.1,0.4,1.0,-0.13
0.1,0.5,0.1,-0.104
0.1,0.5,0.2,-0.103
0.1,0.5,0.3,-0.104
0.1,0.5,0.4,-0.105
0.1,0.5,0.5,-0.127
0.1,0.5,0.6,-0.091
0.1,0.5,0.7,-0.232
0.1,0.5,0.8,-0.129
0.1,0.5,0.9,-0.159
0.1,0.5,1.0,-0.151
0.1,0.6,0.1,-0.096
0.1,0.6,0.2,-0.13
0.1,0.6,0.3,-0.111
0.1,0.6,0.4,-0.116
0.1,0.6,0.5,-0.128
0.1,0.6,0.6,-0.062
0.1,0.6,0.7,-0.14
0.1,0.6,0.8,-0.106
0.1,0.6,0.9,-0.085
0.1,0.6,1.0,-0.22
0.1,0.7,0.1,-0.094
0.1,0.7,0.2,-0.125
0.1,0.7,0.3,-0.134
0.1,0.7,0.4,-0.101
0.1,0.7,0.5,-0.108
0.1,0.7,0.6,-0.139
0.1,0.7,0.7,-0.103
0.1,0.7,0.8,-0.174
0.1,0.7,0.9,-0.172
0.1,0.7,1.0,-0.223
0.1,0.8,0.1,-0.075
0.1,0.8,0.2,-0.092
0.1,0.8,0.3,-0.13
0.1,0.8,0.4,-0.128
0.1,0.8,0.5,-0.101
0.1,0.8,0.6,-0.125
0.1,0.8,0.7,-0.154
0.1,0.8,0.8,-0.131
0.1,0.8,0.9,-0.183
0.1,0.8,1.0,-0.142
0.1,0.9,0.1,-0.069
0.1,0.9,0.2,-0.161
0.1,0.9,0.3,-0.136
0.1,0.9,0.4,-0.142
0.1,0.9,0.5,-0.116
0.1,0.9,0.6,-0.09
0.1,0.9,0.7,-0.097
0.1,0.9,0.8,-0.13
0.1,0.9,0.9,-0.173
0.1,0.9,1.0,-0.226
0.1,1.0,0.1,-0.115
0.1,1.0,0.2,-0.102
0.1,1.0,0.3,-0.149
0.1,1.0,0.4,-0.107
0.1,1.0,0.5,-0.166
0.1,1.0,0.6,-0.129
0.1,1.0,0.7,-0.115
0.1,1.0,0.8,-0.124
0.1,1.0,0.9,-0.158
0.1,1.0,1.0,-0.14
0.2,0.1,0.1,-0.166
0.2,0.1,0.2,-0.114
0.2,0.1,0.3,-0.16
0.2,0.1,0.4,-0.107
0.2,0.1,0.5,-0.07
0.2,0.1,0.6,-0.118
0.2,0.1,0.7,-0.172
0.2,0.1,0.8,-0.159
0.2,0.1,0.9,-0.18
0.2,0.1,1.0,-0.111
0.2,0.2,0.1,-0.092
0.2,0.2,0.2,-0.136
0.2,0.2,0.3,-0.128
0.2,0.2,0.4,-0.16
0.2,0.2,0.5,-0.161
0.2,0.2,0.6,-0.177
0.2,0.2,0.7,-0.191
0.2,0.2,0.8,-0.196
0.2,0.2,0.9,-0.137
0.2,0.2,1.0,-0.163
0.2,0.3,0.1,-0.134
0.2,0.3,0.2,-0.128
0.2,0.3,0.3,-0.113
0.2,0.3,0.4,-0.123
0.2,0.3,0.5,-0.14
0.2,0.3,0.6,-0.169
0.2,0.3,0.7,-0.137
0.2,0.3,0.8,-0.123
0.2,0.3,0.9,-0.146
0.2,0.3,1.0,-0.186
0.2,0.4,0.1,-0.08
0.2,0.4,0.2,-0.147
0.2,0.4,0.3,-0.133
0.2,0.4,0.4,-0.132
0.2,0.4,0.5,-0.149
0.2,0.4,0.6,-0.184
0.2,0.4,0.7,-0.15
0.2,0.4,0.8,-0.128
0.2,0.4,0.9,-0.173
0.2,0.4,1.0,-0.101
0.2,0.5,0.1,-0.129
0.2,0.5,0.2,-0.137
0.2,0.5,0.3,-0.098
0.2,0.5,0.4,-0.104
0.2,0.5,0.5,-0.111
0.2,0.5,0.6,-0.16
0.2,0.5,0.7,-0.159
0.2,0.5,0.8,-0.13
0.2,0.5,0.9,-0.159
0.2,0.5,1.0,-0.12
0.2,0.6,0.1,-0.104
0.2,0.6,0.2,-0.081
0.2,0.6,0.3,-0.151
0.2,0.6,0.4,-0.103
0.2,0.6,0.5,-0.139
0.2,0.6,0.6,-0.119
0.2,0.6,0.7,-0.14
0.2,0.6,0.8,-0.126
0.2,0.6,0.9,-0.122
0.2,0.6,1.0,-0.139
0.2,0.7,0.1,-0.135
0.2,0.7,0.2,-0.123
0.2,0.7,0.3,-0.134
0.2,0.7,0.4,-0.175
0.2,0.7,0.5,-0.097
0.2,0.7,0.6,-0.167
0.2,0.7,0.7,-0.074
0.2,0.7,0.8,-0.177
0.2,0.7,0.9,-0.143
0.2,0.7,1.0,-0.129
0.2,0.8,0.1,-0.093
0.2,0.8,0.2,-0.117
0.2,0.8,0.3,-0.143
0.2,0.8,0.4,-0.128
0.2,0.8,0.5,-0.171
0.2,0.8,0.6,-0.055
0.2,0.8,0.7,-0.113
0.2,0.8,0.8,-0.186
0.2,0.8,0.9,-0.189
0.2,0.8,1.0,-0.157
0.2,0.9,0.1,-0.137
0.2,0.9,0.2,-0.091
0.2,0.9,0.3,-0.135
0.2,0.9,0.4,-0.115
0.2,0.9,0.5,-0.107
0.2,0.9,0.6,-0.093
0.2,0.9,0.7,-0.149
0.2,0.9,0.8,-0.134
0.2,0.9,0.9,-0.153
0.2,0.9,1.0,-0.152
0.2,1.0,0.1,-0.186
0.2,1.0,0.2,-0.155
0.2,1.0,0.3,-0.106
0.2,1.0,0.4,-0.1
0.2,1.0,0.5,-0.122
0.2,1.0,0.6,-0.119
0.2,1.0,0.7,-0.107
0.2,1.0,0.8,-0.098
0.2,1.0,0.9,-0.142
0.2,1.0,1.0,-0.181
0.3,0.1,0.1,-0.131
0.3,0.1,0.2,-0.114
0.3,0.1,0.3,-0.143
0.3,0.1,0.4,-0.141
0.3,0.1,0.5,-0.115
0.3,0.1,0.6,-0.104
0.3,0.1,0.7,-0.175
0.3,0.1,0.8,-0.171
0.3,0.1,0.9,-0.15
0.3,0.1,1.0,-0.141
0.3,0.2,0.1,-0.173
0.3,0.2,0.2,-0.141
0.3,0.2,0.3,-0.109
0.3,0.2,0.4,-0.167
0.3,0.2,0.5,-0.084
0.3,0.2,0.6,-0.158
0.3,0.2,0.7,-0.156
0.3,0.2,0.8,-0.202
0.3,0.2,0.9,-0.178
0.3,0.2,1.0,-0.186
0.3,0.3,0.1,-0.162
0.3,0.3,0.2,-0.146
0.3,0.3,0.3,-0.14
0.3,0.3,0.4,-0.142
0.3,0.3,0.5,-0.142
0.3,0.3,0.6,-0.149
0.3,0.3,0.7,-0.151
0.3,0.3,0.8,-0.17
0.3,0.3,0.9,-0.166
0.3,0.3,1.0,-0.188
0.3,0.4,0.1,-0.151
0.3,0.4,0.2,-0.132
0.3,0.4,0.3,-0.136
0.3,0.4,0.4,-0.165
0.3,0.4,0.5,-0.142
0.3,0.4,0.6,-0.161
0.3,0.4,0.7,-0.128
0.3,0.4,0.8,-0.17
0.3,0.4,0.9,-0.129
0.3,0.4,1.0,-0.161
0.3,0.5,0.1,-0.108
0.3,0.5,0.2,-0.114
0.3,0.5,0.3,-0.132
0.3,0.5,0.4,-0.102
0.3,0.5,0.5,-0.134
0.3,0.5,0.6,-0.102
0.3,0.5,0.7,-0.115
0.3,0.5,0.8,-0.104
0.3,0.5,0.9,-0.14
0.3,0.5,1.0,-0.155
0.3,0.6,0.1,-0.173
0.3,0.6,0.2,-0.118
0.3,0.6,0.3,-0.123
0.3,0.6,0.4,-0.163
0.3,0.6,0.5,-0.118
0.3,0.6,0.6,-0.096
0.3,0.6,0.7,-0.14
0.3,0.6,0.8,-0.161
0.3,0.6,0.9,-0.136
0.3,0.6,1.0,-0.156
0.3,0.7,0.1,-0.123
0.3,0.7,0.2,-0.104
0.3,0.7,0.3,-0.151
0.3,0.7,0.4,-0.09
0.3,0.7,0.5,-0.098
0.3,0.7,0.6,-0.171
0.3,0.7,0.7,-0.173
0.3,0.7,0.8,-0.145
0.3,0.7,0.9,-0.205
0.3,0.7,1.0,-0.174
0.3,0.8,0.1,-0.093
0.3,0.8,0.2,-0.132
0.3,0.8,0.3,-0.123
0.3,0.8,0.4,-0.14
0.3,0.8,0.5,-0.138
0.3,0.8,0.6,-0.108
0.3,0.8,0.7,-0.144
0.3,0.8,0.8,-0.129
0.3,0.8,0.9,-0.187
0.3,0.8,1.0,-0.173
0.3,0.9,0.1,-0.155
0.3,0.9,0.2,-0.105
0.3,0.9,0.3,-0.111
0.3,0.9,0.4,-0.124
0.3,0.9,0.5,-0.094
0.3,0.9,0.6,-0.111
0.3,0.9,0.7,-0.175
0.3,0.9,0.8,-0.136
0.3,0.9,0.9,-0.129
0.3,0.9,1.0,-0.213
0.3,1.0,0.1,-0.138
0.3,1.0,0.2,-0.061
0.3,1.0,0.3,-0.145
0.3,1.0,0.4,-0.094
0.3,1.0,0.5,-0.14
0.3,1.0,0.6,-0.076
0.3,1.0,0.7,-0.172
0.3,1.0,0.8,-0.166
0.3,1.0,0.9,-0.169
0.3,1.0,1.0,-0.106
0.4,0.1,0.1,-0.036
0.4,0.1,0.2,-0.106
0.4,0.1,0.3,-0.127
0.4,0.1,0.4,-0.115
0.4,0.1,0.5,-0.122
0.4,0.1,0.6,-0.154
0.4,0.1,0.7,-0.133
0.4,0.1,0.8,-0.153
0.4,0.1,0.9,-0.169
0.4,0.1,1.0,-0.196
0.4,0.2,0.1,-0.096
0.4,0.2,0.2,-0.147
0.4,0.2,0.3,-0.124
0.4,0.2,0.4,-0.091
0.4,0.2,0.5,-0.194
0.4,0.2,0.6,-0.069
0.4,0.2,0.7,-0.131
0.4,0.2,0.8,-0.161
0.4,0.2,0.9,-0.119
0.4,0.2,1.0,-0.152
0.4,0.3,0.1,-0.135
0.4,0.3,0.2,-0.129
0.4,0.3,0.3,-0.112
0.4,0.3,0.4,-0.142
0.4,0.3,0.5,-0.159
0.4,0.3,0.6,-0.132
0.4,0.3,0.7,-0.125
0.4,0.3,0.8,-0.18
0.4,0.3,0.9,-0.191
0.4,0.3,1.0,-0.1
0.4,0.4,0.1,-0.092
0.4,0.4,0.2,-0.161
0.4,0.4,0.3,-0.168
0.4,0.4,0.4,-0.136
0.4,0.4,0.5,-0.108
0.4,0.4,0.6,-0.132
0.4,0.4,0.7,-0.146
0.4,0.4,0.8,-0.128
0.4,0.4,0.9,-0.157
0.4,0.4,1.0,-0.114
0.4,0.5,0.1,-0.155
0.4,0.5,0.2,-0.114
0.4,0.5,0.3,-0.178
0.4,0.5,0.4,-0.11
0.4,0.5,0.5,-0.165
0.4,0.5,0.6,-0.122
0.4,0.5,0.7,-0.083
0.4,0.5,0.8,-0.157
0.4,0.5,0.9,-0.149
0.4,0.5,1.0,-0.129
0.4,0.6,0.1,-0.192
0.4,0.6,0.2,-0.118
0.4,0.6,0.3,-0.159
0.4,0.6,0.4,-0.126
0.4,0.6,0.5,-0.157
0.4,0.6,0.6,-0.12
0.4,0.6,0.7,-0.149
0.4,0.6,0.8,-0.104
0.4,0.6,0.9,-0.123
0.4,0.6,1.0,-0.184
0.4,0.7,0.1,-0.148
0.4,0.7,0.2,-0.094
0.4,0.7,0.3,-0.161
0.4,0.7,0.4,-0.15
0.4,0.7,0.5,-0.185
0.4,0.7,0.6,-0.156
0.4,0.7,0.7,-0.118
0.4,0.7,0.8,-0.165
0.4,0.7,0.9,-0.13
0.4,0.7,1.0,-0.124
0.4,0.8,0.1,-0.092
0.4,0.8,0.2,-0.06
0.4,0.8,0.3,-0.154
0.4,0.8,0.4,-0.197
0.4,0.8,0.5,-0.14
0.4,0.8,0.6,-0.129
0.4,0.8,0.7,-0.127
0.4,0.8,0.8,-0.046
0.4,0.8,0.9,-0.135
0.4,0.8,1.0,-0.144
0.4,0.9,0.1,-0.075
0.4,0.9,0.2,-0.106
0.4,0.9,0.3,-0.12
0.4,0.9,0.4,-0.099
0.4,0.9,0.5,-0.149
0.4,0.9,0.6,-0.133
0.4,0.9,0.7,-0.136
0.4,0.9,0.8,-0.129
0.4,0.9,0.9,-0.14
0.4,0.9,1.0,-0.197
0.4,1.0,0.1,-0.154
0.4,1.0,0.2,-0.102
0.4,1.0,0.3,-0.107
0.4,1.0,0.4,-0.14
0.4,1.0,0.5,-0.184
0.4,1.0,0.6,-0.186
0.4,1.0,0.7,-0.1
0.4,1.0,0.8,-0.131
0.4,1.0,0.9,-0.187
0.4,1.0,1.0,-0.186
0.5,0.1,0.1,-0.09
0.5,0.1,0.2,-0.125
0.5,0.1,0.3,-0.089
0.5,0.1,0.4,-0.103
0.5,0.1,0.5,-0.061
0.5,0.1,0.6,-0.169
0.5,0.1,0.7,-0.12
0.5,0.1,0.8,-0.126
0.5,0.1,0.9,-0.14
0.5,0.1,1.0,-0.178
0.5,0.2,0.1,-0.154
0.5,0.2,0.2,-0.119
0.5,0.2,0.3,-0.114
0.5,0.2,0.4,-0.12
0.5,0.2,0.5,-0.091
0.5,0.2,0.6,-0.143
0.5,0.2,0.7,-0.173
0.5,0.2,0.8,-0.077
0.5,0.2,0.9,-0.123
0.5,0.2,1.0,-0.136
0.5,0.3,0.1,-0.106
0.5,0.3,0.2,-0.144
0.5,0.3,0.3,-0.12
0.5,0.3,0.4,-0.108
0.5,0.3,0.5,-0.095
0.5,0.3,0.6,-0.127
0.5,0.3,0.7,-0.146
0.5,0.3,0.8,-0.16
0.5,0.3,0.9,-0.186
0.5,0.3,1.0,-0.132
0.5,0.4,0.1,-0.074
0.5,0.4,0.2,-0.09
0.5,0.4,0.3,-0.17
0.5,0.4,0.4,-0.162
0.5,0.4,0.5,-0.14
0.5,0.4,0.6,-0.156
0.5,0.4,0.7,-0.156
0.5,0.4,0.8,-0.112
0.5,0.4,0.9,-0.185
0.5,0.4,1.0,-0.18
0.5,0.5,0.1,-0.112
0.5,0.5,0.2,-0.093
0.5,0.5,0.3,-0.14
0.5,0.5,0.4,-0.138
0.5,0.5,0.5,-0.068
0.5,0.5,0.6,-0.105
0.5,0.5,0.7,-0.171
0.5,0.5,0.8,-0.154
0.5,0.5,0.9,-0.143
0.5,0.5,1.0,-0.119
0.5,0.6,0.1,-0.136
0.5,0.6,0.2,-0.128
0.5,0.6,0.3,-0.175
0.5,0.6,0.4,-0.126
0.5,0.6,0.5,-0.082
0.5,0.6,0.6,-0.208
0.5,0.6,0.7,-0.157
0.5,0.6,0.8,-0.16
0.5,0.6,0.9,-0.179
0.5,0.6,1.0,-0.174
0.5,0.7,0.1,-0.159
0.5,0.7,0.2,-0.125
0.5,0.7,0.3,-0.084
0.5,0.7,0.4,-0.107
0.5,0.7,0.5,-0.154
0.5,0.7,0.6,-0.085
0.5,0.7,0.7,-0.13
0.5,0.7,0.8,-0.097
0.5,0.7,0.9,-0.131
0.5,0.7,1.0,-0.129
0.5,0.8,0.1,-0.096
0.5,0.8,0.2,-0.11
0.5,0.8,0.3,-0.126
0.5,0.8,0.4,-0.104
0.5,0.8,0.5,-0.137
0.5,0.8,0.6,-0.122
0.5,0.8,0.7,-0.183
0.5,0.8,0.8,-0.109
0.5,0.8,0.9,-0.174
0.5,0.8,1.0,-0.179
0.5,0.9,0.1,-0.102
0.5,0.9,0.2,-0.133
0.5,0.9,0.3,-0.144
0.5,0.9,0.4,-0.143
0.5,0.9,0.5,-0.131
0.5,0.9,0.6,-0.127
0.5,0.9,0.7,-0.209
0.5,0.9,0.8,-0.16
0.5,0.9,0.9,-0.143
0.5,0.9,1.0,-0.096
0.5,1.0,0.1,-0.141
0.5,1.0,0.2,-0.137
0.5,1.0,0.3,-0.152
0.5,1.0,0.4,-0.116
0.5,1.0,0.5,-0.129
0.5,1.0,0.6,-0.145
0.5,1.0,0.7,-0.126
0.5,1.0,0.8,-0.149
0.5,1.0,0.9,-0.176
0.5,1.0,1.0,-0.137
0.6,0.1,0.1,-0.128
0.6,0.1,0.2,-0.153
0.6,0.1,0.3,-0.085
0.6,0.1,0.4,-0.165
0.6,0.1,0.5,-0.129
0.6,0.1,0.6,-0.184
0.6,0.1,0.7,-0.14
0.6,0.1,0.8,-0.191
0.6,0.1,0.9,-0.194
0.6,0.1,1.0,-0.178
0.6,0.2,0.1,-0.107
0.6,0.2,0.2,-0.123
0.6,0.2,0.3,-0.153
0.6,0.2,0.4,-0.131
0.6,0.2,0.5,-0.118
0.6,0.2,0.6,-0.132
0.6,0.2,0.7,-0.153
0.6,0.2,0.8,-0.15
0.6,0.2,0.9,-0.148
0.6,0.2,1.0,-0.131
0.6,0.3,0.1,-0.127
0.6,0.3,0.2,-0.124
0.6,0.3,0.3,-0.146
0.6,0.3,0.4,-0.098
0.6,0.3,0.5,-0.168
0.6,0.3,0.6,-0.089
0.6,0.3,0.7,-0.126
0.6,0.3,0.8,-0.074
0.6,0.3,0.9,-0.151
0.6,0.3,1.0,-0.163
0.6,0.4,0.1,-0.103
0.6,0.4,0.2,-0.159
0.6,0.4,0.3,-0.133
0.6,0.4,0.4,-0.158
0.6,0.4,0.5,-0.162
0.6,0.4,0.6,-0.143
0.6,0.4,0.7,-0.18
0.6,0.4,0.8,-0.094
0.6,0.4,0.9,-0.091
0.6,0.4,1.0,-0.142
0.6,0.5,0.1,-0.084
0.6,0.5,0.2,-0.197
0.6,0.5,0.3,-0.07
0.6,0.5,0.4,-0.146
0.6,0.5,0.5,-0.075
0.6,0.5,0.6,-0.131
0.6,0.5,0.7,-0.113
0.6,0.5,0.8,-0.124
0.6,0.5,0.9,-0.122
0.6,0.5,1.0,-0.18
0.6,0.6,0.1,-0.1
0.6,0.6,0.2,-0.121
0.6,0.6,0.3,-0.105
0.6,0.6,0.4,-0.146
0.6,0.6,0.5,-0.086
0.6,0.6,0.6,-0.087
0.6,0.6,0.7,-0.14
0.6,0.6,0.8,-0.104
0.6,0.6,0.9,-0.162
0.6,0.6,1.0,-0.126
0.6,0.7,0.1,-0.097
0.6,0.7,0.2,-0.117
0.6,0.7,0.3,-0.096
0.6,0.7,0.4,-0.121
0.6,0.7,0.5,-0.169
0.6,0.7,0.6,-0.127
0.6,0.7,0.7,-0.087
0.6,0.7,0.8,-0.124
0.6,0.7,0.9,-0.096
0.6,0.7,1.0,-0.164
0.6,0.8,0.1,-0.152
0.6,0.8,0.2,-0.125
0.6,0.8,0.3,-0.154
0.6,0.8,0.4,-0.075
0.6,0.8,0.5,-0.139
0.6,0.8,0.6,-0.151
0.6,0.8,0.7,-0.087
0.6,0.8,0.8,-0.146
0.6,0.8,0.9,-0.169
0.6,0.8,1.0,-0.168
0.6,0.9,0.1,-0.15
0.6,0.9,0.2,-0.144
0.6,0.9,0.3,-0.077
0.6,0.9,0.4,-0.166
0.6,0.9,0.5,-0.151
0.6,0.9,0.6,-0.108
0.6,0.9,0.7,-0.15
0.6,0.9,0.8,-0.141
0.6,0.9,0.9,-0.142
0.6,0.9,1.0,-0.175
0.6,1.0,0.1,-0.091
0.6,1.0,0.2,-0.097
0.6,1.0,0.3,-0.142
0.6,1.0,0.4,-0.104
0.6,1.0,0.5,-0.159
0.6,1.0,0.6,-0.118
0.6,1.0,0.7,-0.117
0.6,1.0,0.8,-0.134
0.6,1.0,0.9,-0.149
0.6,1.0,1.0,-0.102
0.7,0.1,0.1,-0.078
0.7,0.1,0.2,-0.139
0.7,0.1,0.3,-0.111
0.7,0.1,0.4,-0.156
0.7,0.1,0.5,-0.157
0.7,0.1,0.6,-0.103
0.7,0.1,0.7,-0.177
0.7,0.1,0.8,-0.153
0.7,0.1,0.9,-0.246
0.7,0.1,1.0,-0.165
0.7,0.2,0.1,-0.197
0.7,0.2,0.2,-0.15
0.7,0.2,0.3,-0.129
0.7,0.2,0.4,-0.178
0.7,0.2,0.5,-0.121
0.7,0.2,0.6,-0.113
0.7,0.2,0.7,-0.117
0.7,0.2,0.8,-0.152
0.7,0.2,0.9,-0.113
0.7,0.2,1.0,-0.117
0.7,0.3,0.1,-0.104
0.7,0.3,0.2,-0.088
0.7,0.3,0.3,-0.118
0.7,0.3,0.4,-0.045
0.7,0.3,0.5,-0.106
0.7,0.3,0.6,-0.127
0.7,0.3,0.7,-0.127
0.7,0.3,0.8,-0.123
0.7,0.3,0.9,-0.203
0.7,0.3,1.0,-0.177
0.7,0.4,0.1,-0.103
0.7,0.4,0.2,-0.112
0.7,0.4,0.3,-0.212
0.7,0.4,0.4,-0.11
0.7,0.4,0.5,-0.113
0.7,0.4,0.6,-0.16
0.7,0.4,0.7,-0.122
0.7,0.4,0.8,-0.175
0.7,0.4,0.9,-0.161
0.7,0.4,1.0,-0.099
0.7,0.5,0.1,-0.127
0.7,0.5,0.2,-0.154
0.7,0.5,0.3,-0.167
0.7,0.5,0.4,-0.069
0.7,0.5,0.5,-0.114
0.7,0.5,0.6,-0.118
0.7,0.5,0.7,-0.082
0.7,0.5,0.8,-0.159
0.7,0.5,0.9,-0.147
0.7,0.5,1.0,-0.118
0.7,0.6,0.1,-0.132
0.7,0.6,0.2,-0.118
0.7,0.6,0.3,-0.159
0.7,0.6,0.4,-0.141
0.7,0.6,0.5,-0.122
0.7,0.6,0.6,-0.106
0.7,0.6,0.7,-0.129
0.7,0.6,0.8,-0.177
0.7,0.6,0.9,-0.203
0.7,0.6,1.0,-0.144
0.7,0.7,0.1,-0.096
0.7,0.7,0.2,-0.149
0.7,0.7,0.3,-0.205
0.7,0.7,0.4,-0.181
0.7,0.7,0.5,-0.066
0.7,0.7,0.6,-0.132
0.7,0.7,0.7,-0.19
0.7,0.7,0.8,-0.131
0.7,0.7,0.9,-0.06
0.7,0.7,1.0,-0.084
0.7,0.8,0.1,-0.159
0.7,0.8,0.2,-0.096
0.7,0.8,0.3,-0.101
0.7,0.8,0.4,-0.167
0.7,0.8,0.5,-0.157
0.7,0.8,0.6,-0.13
0.7,0.8,0.7,-0.15
0.7,0.8,0.8,-0.158
0.7,0.8,0.9,-0.096
0.7,0.8,1.0,-0.111
0.7,0.9,0.1,-0.135
0.7,0.9,0.2,-0.047
0.7,0.9,0.3,-0.184
0.7,0.9,0.4,-0.113
0.7,0.9,0.5,-0.139
0.7,0.9,0.6,-0.147
0.7,0.9,0.7,-0.141
0.7,0.9,0.8,-0.102
0.7,0.9,0.9,-0.134
0.7,0.9,1.0,-0.159
0.7,1.0,0.1,-0.111
0.7,1.0,0.2,-0.127
0.7,1.0,0.3,-0.078
0.7,1.0,0.4,-0.13
0.7,1.0,0.5,-0.172
0.7,1.0,0.6,-0.116
0.7,1.0,0.7,-0.162
0.7,1.0,0.8,-0.199
0.7,1.0,0.9,-0.159
0.7,1.0,1.0,-0.133
0.8,0.1,0.1,-0.154
0.8,0.1,0.2,-0.15
0.8,0.1,0.3,-0.152
0.8,0.1,0.4,-0.114
0.8,0.1,0.5,-0.134
0.8,0.1,0.6,-0.101
0.8,0.1,0.7,-0.193
0.8,0.1,0.8,-0.126
0.8,0.1,0.9,-0.097
0.8,0.1,1.0,-0.068
0.8,0.2,0.1,-0.157
0.8,0.2,0.2,-0.119
0.8,0.2,0.3,-0.14
0.8,0.2,0.4,-0.176
0.8,0.2,0.5,-0.15
0.8,0.2,0.6,-0.125
0.8,0.2,0.7,-0.16
0.8,0.2,0.8,-0.12
0.8,0.2,0.9,-0.168
0.8,0.2,1.0,-0.151
0.8,0.3,0.1,-0.064
0.8,0.3,0.2,-0.127
0.8,0.3,0.3,-0.113
0.8,0.3,0.4,-0.118
0.8,0.3,0.5,-0.12
0.8,0.3,0.6,-0.143
0.8,0.3,0.7,-0.14
0.8,0.3,0.8,-0.172
0.8,0.3,0.9,-0.17
0.8,0.3,1.0,-0.151
0.8,0.4,0.1,-0.124
0.8,0.4,0.2,-0.144
0.8,0.4,0.3,-0.177
0.8,0.4,0.4,-0.194
0.8,0.4,0.5,-0.156
0.8,0.4,0.6,-0.133
0.8,0.4,0.7,-0.145
0.8,0.4,0.8,-0.132
0.8,0.4,0.9,-0.088
0.8,0.4,1.0,-0.168
0.8,0.5,0.1,-0.103
0.8,0.5,0.2,-0.125
0.8,0.5,0.3,-0.12
0.8,0.5,0.4,-0.138
0.8,0.5,0.5,-0.082
0.8,0.5,0.6,-0.11
0.8,0.5,0.7,-0.14
0.8,0.5,0.8,-0.169
0.8,0.5,0.9,-0.16
0.8,0.5,1.0,-0.134
0.8,0.6,0.1,-0.115
0.8,0.6,0.2,-0.11
0.8,0.6,0.3,-0.125
0.8,0.6,0.4,-0.135
0.8,0.6,0.5,-0.135
0.8,0.6,0.6,-0.135
0.8,0.6,0.7,-0.11
0.8,0.6,0.8,-0.137
0.8,0.6,0.9,-0.132
0.8,0.6,1.0,-0.164
0.8,0.7,0.1,-0.081
0.8,0.7,0.2,-0.108
0.8,0.7,0.3,-0.118
0.8,0.7,0.4,-0.153
0.8,0.7,0.5,-0.105
0.8,0.7,0.6,-0.124
0.8,0.7,0.7,-0.122
0.8,0.7,0.8,-0.155
0.8,0.7,0.9,-0.148
0.8,0.7,1.0,-0.158
0.8,0.8,0.1,-0.103
0.8,0.8,0.2,-0.119
0.8,0.8,0.3,-0.168
0.8,0.8,0.4,-0.104
0.8,0.8,0.5,-0.1
0.8,0.8,0.6,-0.136
0.8,0.8,0.7,-0.176
0.8,0.8,0.8,-0.148
0.8,0.8,0.9,-0.15
0.8,0.8,1.0,-0.13
0.8,0.9,0.1,-0.117
0.8,0.9,0.2,-0.161
0.8,0.9,0.3,-0.095
0.8,0.9,0.4,-0.148
0.8,0.9,0.5,-0.142
0.8,0.9,0.6,-0.115
0.8,0.9,0.7,-0.163
0.8,0.9,0.8,-0.086
0.8,0.9,0.9,-0.07
0.8,0.9,1.0,-0.095
0.8,1.0,0.1,-0.154
0.8,1.0,0.2,-0.158
0.8,1.0,0.3,-0.142
0.8,1.0,0.4,-0.052
0.8,1.0,0.5,-0.216
0.8,1.0,0.6,-0.142
0.8,1.0,0.7,-0.152
0.8,1.0,0.8,-0.129
0.8,1.0,0.9,-0.137
0.8,1.0,1.0,-0.164
0.9,0.1,0.1,-0.171
0.9,0.1,0.2,-0.218
0.9,0.1,0.3,-0.126
0.9,0.1,0.4,-0.111
0.9,0.1,0.5,-0.123
0.9,0.1,0.6,-0.163
0.9,0.1,0.7,-0.163
0.9,0.1,0.8,-0.152
0.9,0.1,0.9,-0.129
0.9,0.1,1.0,-0.205
0.9,0.2,0.1,-0.09
0.9,0.2,0.2,-0.109
0.9,0.2,0.3,-0.158
0.9,0.2,0.4,-0.133
0.9,0.2,0.5,-0.121
0.9,0.2,0.6,-0.179
0.9,0.2,0.7,-0.152
0.9,0.2,0.8,-0.091
0.9,0.2,0.9,-0.149
0.9,0.2,1.0,-0.13
0.9,0.3,0.1,-0.129
0.9,0.3,0.2,-0.159
0.9,0.3,0.3,-0.11
0.9,0.3,0.4,-0.103
0.9,0.3,0.5,-0.15
0.9,0.3,0.6,-0.144
0.9,0.3,0.7,-0.137
0.9,0.3,0.8,-0.11
0.9,0.3,0.9,-0.169
0.9,0.3,1.0,-0.123
0.9,0.4,0.1,-0.108
0.9,0.4,0.2,-0.119
0.9,0.4,0.3,-0.135
0.9,0.4,0.4,-0.077
0.9,0.4,0.5,-0.155
0.9,0.4,0.6,-0.198
0.9,0.4,0.7,-0.163
0.9,0.4,0.8,-0.129
0.9,0.4,0.9,-0.122
0.9,0.4,1.0,-0.101
0.9,0.5,0.1,-0.142
0.9,0.5,0.2,-0.104
0.9,0.5,0.3,-0.144
0.9,0.5,0.4,-0.126
0.9,0.5,0.5,-0.128
0.9,0.5,0.6,-0.12
0.9,0.5,0.7,-0.104
0.9,0.5,0.8,-0.081
0.9,0.5,0.9,-0.162
0.9,0.5,1.0,-0.131
0.9,0.6,0.1,-0.077
0.9,0.6,0.2,-0.105
0.9,0.6,0.3,-0.071
0.9,0.6,0.4,-0.159
0.9,0.6,0.5,-0.11
0.9,0.6,0.6,-0.132
0.9,0.6,0.7,-0.113
0.9,0.6,0.8,-0.128
0.9,0.6,0.9,-0.19
0.9,0.6,1.0,-0.16
0.9,0.7,0.1,-0.098
0.9,0.7,0.2,-0.09
0.9,0.7,0.3,-0.139
0.9,0.7,0.4,-0.189
0.9,0.7,0.5,-0.122
0.9,0.7,0.6,-0.179
0.9,0.7,0.7,-0.199
0.9,0.7,0.8,-0.145
0.9,0.7,0.9,-0.128
0.9,0.7,1.0,-0.193
0.9,0.8,0.1,-0.116
0.9,0.8,0.2,-0.129
0.9,0.8,0.3,-0.139
0.9,0.8,0.4,-0.104
0.9,0.8,0.5,-0.145
0.9,0.8,0.6,-0.09
0.9,0.8,0.7,-0.126
0.9,0.8,0.8,-0.155
0.9,0.8,0.9,-0.158
0.9,0.8,1.0,-0.164
0.9,0.9,0.1,-0.185
0.9,0.9,0.2,-0.118
0.9,0.9,0.3,-0.131
0.9,0.9,0.4,-0.123
0.9,0.9,0.5,-0.177
0.9,0.9,0.6,-0.076
0.9,0.9,0.7,-0.118
0.9,0.9,0.8,-0.173
0.9,0.9,0.9,-0.076
0.9,0.9,1.0,-0.135
0.9,1.0,0.1,-0.143
0.9,1.0,0.2,-0.102
0.9,1.0,0.3,-0.098
0.9,1.0,0.4,-0.124
0.9,1.0,0.5,-0.154
0.9,1.0,0.6,-0.138
0.9,1.0,0.7,-0.113
0.9,1.0,0.8,-0.162
0.9,1.0,0.9,-0.113
0.9,1.0,1.0,-0.191
1.0,0.1,0.1,-0.1
1.0,0.1,0.2,-0.085
1.0,0.1,0.3,-0.102
1.0,0.1,0.4,-0.162
1.0,0.1,0.5,-0.085
1.0,0.1,0.6,-0.134
1.0,0.1,0.7,-0.141
1.0,0.1,0.8,-0.1
1.0,0.1,0.9,-0.118
1.0,0.1,1.0,-0.161
1.0,0.2,0.1,-0.097
1.0,0.2,0.2,-0.11
1.0,0.2,0.3,-0.156
1.0,0.2,0.4,-0.195
1.0,0.2,0.5,-0.082
1.0,0.2,0.6,-0.15
1.0,0.2,0.7,-0.144
1.0,0.2,0.8,-0.188
1.0,0.2,0.9,-0.137
1.0,0.2,1.0,-0.147
1.0,0.3,0.1,-0.116
1.0,0.3,0.2,-0.165
1.0,0.3,0.3,-0.103
1.0,0.3,0.4,-0.189
1.0,0.3,0.5,-0.138
1.0,0.3,0.6,-0.131
1.0,0.3,0.7,-0.142
1.0,0.3,0.8,-0.205
1.0,0.3,0.9,-0.197
1.0,0.3,1.0,-0.193
1.0,0.4,0.1,-0.137
1.0,0.4,0.2,-0.126
1.0,0.4,0.3,-0.06
1.0,0.4,0.4,-0.136
1.0,0.4,0.5,-0.124
1.0,0.4,0.6,-0.129
1.0,0.4,0.7,-0.171
1.0,0.4,0.8,-0.142
1.0,0.4,0.9,-0.137
1.0,0.4,1.0,-0.087
1.0,0.5,0.1,-0.05
1.0,0.5,0.2,-0.066
1.0,0.5,0.3,-0.139
1.0,0.5,0.4,-0.145
1.0,0.5,0.5,-0.175
1.0,0.5,0.6,-0.161
1.0,0.5,0.7,-0.139
1.0,0.5,0.8,-0.159
1.0,0.5,0.9,-0.223
1.0,0.5,1.0,-0.161
1.0,0.6,0.1,-0.171
1.0,0.6,0.2,-0.143
1.0,0.6,0.3,-0.201
1.0,0.6,0.4,-0.168
1.0,0.6,0.5,-0.139
1.0,0.6,0.6,-0.091
1.0,0.6,0.7,-0.14
1.0,0.6,0.8,-0.184
1.0,0.6,0.9,-0.159
1.0,0.6,1.0,-0.114
1.0,0.7,0.1,-0.121
1.0,0.7,0.2,-0.118
1.0,0.7,0.3,-0.128
1.0,0.7,0.4,-0.146
1.0,0.7,0.5,-0.125
1.0,0.7,0.6,-0.129
1.0,0.7,0.7,-0.079
1.0,0.7,0.8,-0.135
1.0,0.7,0.9,-0.167
1.0,0.7,1.0,-0.204
1.0,0.8,0.1,-0.153
1.0,0.8,0.2,-0.15
1.0,0.8,0.3,-0.14
1.0,0.8,0.4,-0.132
1.0,0.8,0.5,-0.132
1.0,0.8,0.6,-0.197
1.0,0.8,0.7,-0.17
1.0,0.8,0.8,-0.089
1.0,0.8,0.9,-0.067
1.0,0.8,1.0,-0.119
1.0,0.9,0.1,-0.118
1.0,0.9,0.2,-0.119
1.0,0.9,0.3,-0.121
1.0,0.9,0.4,-0.105
1.0,0.9,0.5,-0.145
1.0,0.9,0.6,-0.162
1.0,0.9,0.7,-0.106
1.0,0.9,0.8,-0.124
1.0,0.9,0.9,-0.169
1.0,0.9,1.0,-0.133
1.0,1.0,0.1,-0.088
1.0,1.0,0.2,-0.184
1.0,1.0,0.3,-0.112
1.0,1.0,0.4,-0.144
1.0,1.0,0.5,-0.146
1.0,1.0,0.6,-0.139
1.0,1.0,0.7,-0.129
1.0,1.0,0.8,-0.093
1.0,1.0,0.9,-0.142
1.0,1.0,1.0,-0.129
Alpha,Gamma,Epsilon,Average Reward
0.1,0.1,0.1,-0.11
0.1,0.1,0.2,-0.077
0.1,0.1,0.3,-0.083
0.1,0.1,0.4,-0.073
0.1,0.1,0.5,-0.178
0.1,0.1,0.6,-0.114
0.1,0.1,0.7,-0.102
0.1,0.1,0.8,-0.148
0.1,0.1,0.9,-0.189
0.1,0.1,1.0,-0.136
0.1,0.2,0.1,-0.15
0.1,0.2,0.2,-0.115
0.1,0.2,0.3,-0.124
0.1,0.2,0.4,-0.09
0.1,0.2,0.5,-0.139
0.1,0.2,0.6,-0.168
0.1,0.2,0.7,-0.14
0.1,0.2,0.8,-0.158
0.1,0.2,0.9,-0.148
0.1,0.2,1.0,-0.156
0.1,0.3,0.1,-0.108
0.1,0.3,0.2,-0.151
0.1,0.3,0.3,-0.127
0.1,0.3,0.4,-0.122
0.1,0.3,0.5,-0.162
0.1,0.3,0.6,-0.175
0.1,0.3,0.7,-0.123
0.1,0.3,0.8,-0.152
0.1,0.3,0.9,-0.078
0.1,0.3,1.0,-0.109
0.1,0.4,0.1,-0.153
0.1,0.4,0.2,-0.093
0.1,0.4,0.3,-0.126
0.1,0.4,0.4,-0.076
0.1,0.4,0.5,-0.078
0.1,0.4,0.6,-0.159
0.1,0.4,0.7,-0.17
0.1,0.4,0.8,-0.054
0.1,0.4,0.9,-0.188
0.1,0.4,1.0,-0.138
0.1,0.5,0.1,-0.136
0.1,0.5,0.2,-0.117
0.1,0.5,0.3,-0.119
0.1,0.5,0.4,-0.102
0.1,0.5,0.5,-0.126
0.1,0.5,0.6,-0.144
0.1,0.5,0.7,-0.107
0.1,0.5,0.8,-0.148
0.1,0.5,0.9,-0.112
0.1,0.5,1.0,-0.136
0.1,0.6,0.1,-0.091
0.1,0.6,0.2,-0.08
0.1,0.6,0.3,-0.089
0.1,0.6,0.4,-0.095
0.1,0.6,0.5,-0.123
0.1,0.6,0.6,-0.13
0.1,0.6,0.7,-0.188
0.1,0.6,0.8,-0.134
0.1,0.6,0.9,-0.139
0.1,0.6,1.0,-0.192
0.1,0.7,0.1,-0.129
0.1,0.7,0.2,-0.123
0.1,0.7,0.3,-0.141
0.1,0.7,0.4,-0.167
0.1,0.7,0.5,-0.094
0.1,0.7,0.6,-0.13
0.1,0.7,0.7,-0.141
0.1,0.7,0.8,-0.145
0.1,0.7,0.9,-0.119
0.1,0.7,1.0,-0.162
0.1,0.8,0.1,-0.076
0.1,0.8,0.2,-0.113
0.1,0.8,0.3,-0.068
0.1,0.8,0.4,-0.119
0.1,0.8,0.5,-0.13
0.1,0.8,0.6,-0.162
0.1,0.8,0.7,-0.091
0.1,0.8,0.8,-0.129
0.1,0.8,0.9,-0.177
0.1,0.8,1.0,-0.14
0.1,0.9,0.1,-0.173
0.1,0.9,0.2,-0.11
0.1,0.9,0.3,-0.116
0.1,0.9,0.4,-0.139
0.1,0.9,0.5,-0.123
0.1,0.9,0.6,-0.16
0.1,0.9,0.7,-0.091
0.1,0.9,0.8,-0.181
0.1,0.9,0.9,-0.135
0.1,0.9,1.0,-0.162
0.1,1.0,0.1,-0.159
0.1,1.0,0.2,-0.081
0.1,1.0,0.3,-0.143
0.1,1.0,0.4,-0.128
0.1,1.0,0.5,-0.099
0.1,1.0,0.6,-0.178
0.1,1.0,0.7,-0.142
0.1,1.0,0.8,-0.208
0.1,1.0,0.9,-0.159
0.1,1.0,1.0,-0.167
0.2,0.1,0.1,-0.086
0.2,0.1,0.2,-0.143
0.2,0.1,0.3,-0.12
0.2,0.1,0.4,-0.094
0.2,0.1,0.5,-0.17
0.2,0.1,0.6,-0.134
0.2,0.1,0.7,-0.155
0.2,0.1,0.8,-0.121
0.2,0.1,0.9,-0.119
0.2,0.1,1.0,-0.165
0.2,0.2,0.1,-0.14
0.2,0.2,0.2,-0.125
0.2,0.2,0.3,-0.198
0.2,0.2,0.4,-0.148
0.2,0.2,0.5,-0.178
0.2,0.2,0.6,-0.119
0.2,0.2,0.7,-0.153
0.2,0.2,0.8,-0.186
0.2,0.2,0.9,-0.137
0.2,0.2,1.0,-0.172
0.2,0.3,0.1,-0.098
0.2,0.3,0.2,-0.132
0.2,0.3,0.3,-0.1
0.2,0.3,0.4,-0.173
0.2,0.3,0.5,-0.108
0.2,0.3,0.6,-0.111
0.2,0.3,0.7,-0.161
0.2,0.3,0.8,-0.075
0.2,0.3,0.9,-0.113
0.2,0.3,1.0,-0.141
0.2,0.4,0.1,-0.092
0.2,0.4,0.2,-0.107
0.2,0.4,0.3,-0.07
0.2,0.4,0.4,-0.11
0.2,0.4,0.5,-0.203
0.2,0.4,0.6,-0.1
0.2,0.4,0.7,-0.134
0.2,0.4,0.8,-0.191
0.2,0.4,0.9,-0.161
0.2,0.4,1.0,-0.199
0.2,0.5,0.1,-0.085
0.2,0.5,0.2,-0.132
0.2,0.5,0.3,-0.099
0.2,0.5,0.4,-0.109
0.2,0.5,0.5,-0.189
0.2,0.5,0.6,-0.167
0.2,0.5,0.7,-0.125
0.2,0.5,0.8,-0.174
0.2,0.5,0.9,-0.171
0.2,0.5,1.0,-0.142
0.2,0.6,0.1,-0.111
0.2,0.6,0.2,-0.063
0.2,0.6,0.3,-0.155
0.2,0.6,0.4,-0.127
0.2,0.6,0.5,-0.159
0.2,0.6,0.6,-0.134
0.2,0.6,0.7,-0.075
0.2,0.6,0.8,-0.152
0.2,0.6,0.9,-0.106
0.2,0.6,1.0,-0.157
0.2,0.7,0.1,-0.121
0.2,0.7,0.2,-0.135
0.2,0.7,0.3,-0.119
0.2,0.7,0.4,-0.147
0.2,0.7,0.5,-0.068
0.2,0.7,0.6,-0.088
0.2,0.7,0.7,-0.25
0.2,0.7,0.8,-0.144
0.2,0.7,0.9,-0.092
0.2,0.7,1.0,-0.134
0.2,0.8,0.1,-0.144
0.2,0.8,0.2,-0.162
0.2,0.8,0.3,-0.061
0.2,0.8,0.4,-0.117
0.2,0.8,0.5,-0.097
0.2,0.8,0.6,-0.109
0.2,0.8,0.7,-0.107
0.2,0.8,0.8,-0.122
0.2,0.8,0.9,-0.154
0.2,0.8,1.0,-0.145
0.2,0.9,0.1,-0.109
0.2,0.9,0.2,-0.135
0.2,0.9,0.3,-0.107
0.2,0.9,0.4,-0.145
0.2,0.9,0.5,-0.097
0.2,0.9,0.6,-0.164
0.2,0.9,0.7,-0.116
0.2,0.9,0.8,-0.159
0.2,0.9,0.9,-0.122
0.2,0.9,1.0,-0.154
0.2,1.0,0.1,-0.109
0.2,1.0,0.2,-0.078
0.2,1.0,0.3,-0.142
0.2,1.0,0.4,-0.089
0.2,1.0,0.5,-0.074
0.2,1.0,0.6,-0.168
0.2,1.0,0.7,-0.167
0.2,1.0,0.8,-0.117
0.2,1.0,0.9,-0.179
0.2,1.0,1.0,-0.141
0.3,0.1,0.1,-0.081
0.3,0.1,0.2,-0.148
0.3,0.1,0.3,-0.132
0.3,0.1,0.4,-0.06
0.3,0.1,0.5,-0.091
0.3,0.1,0.6,-0.143
0.3,0.1,0.7,-0.163
0.3,0.1,0.8,-0.12
0.3,0.1,0.9,-0.205
0.3,0.1,1.0,-0.147
0.3,0.2,0.1,-0.09
0.3,0.2,0.2,-0.09
0.3,0.2,0.3,-0.139
0.3,0.2,0.4,-0.131
0.3,0.2,0.5,-0.14
0.3,0.2,0.6,-0.128
0.3,0.2,0.7,-0.104
0.3,0.2,0.8,-0.09
0.3,0.2,0.9,-0.163
0.3,0.2,1.0,-0.13
0.3,0.3,0.1,-0.065
0.3,0.3,0.2,-0.105
0.3,0.3,0.3,-0.149
0.3,0.3,0.4,-0.107
0.3,0.3,0.5,-0.083
0.3,0.3,0.6,-0.155
0.3,0.3,0.7,-0.128
0.3,0.3,0.8,-0.127
0.3,0.3,0.9,-0.163
0.3,0.3,1.0,-0.151
0.3,0.4,0.1,-0.115
0.3,0.4,0.2,-0.079
0.3,0.4,0.3,-0.08
0.3,0.4,0.4,-0.116
0.3,0.4,0.5,-0.177
0.3,0.4,0.6,-0.146
0.3,0.4,0.7,-0.116
0.3,0.4,0.8,-0.101
0.3,0.4,0.9,-0.186
0.3,0.4,1.0,-0.123
0.3,0.5,0.1,-0.082
0.3,0.5,0.2,-0.098
0.3,0.5,0.3,-0.03
0.3,0.5,0.4,-0.15
0.3,0.5,0.5,-0.118
0.3,0.5,0.6,-0.214
0.3,0.5,0.7,-0.147
0.3,0.5,0.8,-0.095
0.3,0.5,0.9,-0.135
0.3,0.5,1.0,-0.141
0.3,0.6,0.1,-0.159
0.3,0.6,0.2,-0.134
0.3,0.6,0.3,-0.141
0.3,0.6,0.4,-0.133
0.3,0.6,0.5,-0.083
0.3,0.6,0.6,-0.08
0.3,0.6,0.7,-0.095
0.3,0.6,0.8,-0.185
0.3,0.6,0.9,-0.183
0.3,0.6,1.0,-0.163
0.3,0.7,0.1,-0.102
0.3,0.7,0.2,-0.107
0.3,0.7,0.3,-0.152
0.3,0.7,0.4,-0.124
0.3,0.7,0.5,-0.079
0.3,0.7,0.6,-0.16
0.3,0.7,0.7,-0.205
0.3,0.7,0.8,-0.176
0.3,0.7,0.9,-0.076
0.3,0.7,1.0,-0.119
0.3,0.8,0.1,-0.111
0.3,0.8,0.2,-0.085
0.3,0.8,0.3,-0.091
0.3,0.8,0.4,-0.093
0.3,0.8,0.5,-0.114
0.3,0.8,0.6,-0.129
0.3,0.8,0.7,-0.184
0.3,0.8,0.8,-0.101
0.3,0.8,0.9,-0.086
0.3,0.8,1.0,-0.147
0.3,0.9,0.1,-0.116
0.3,0.9,0.2,-0.127
0.3,0.9,0.3,-0.119
0.3,0.9,0.4,-0.115
0.3,0.9,0.5,-0.174
0.3,0.9,0.6,-0.124
0.3,0.9,0.7,-0.1
0.3,0.9,0.8,-0.153
0.3,0.9,0.9,-0.14
0.3,0.9,1.0,-0.166
0.3,1.0,0.1,-0.125
0.3,1.0,0.2,-0.167
0.3,1.0,0.3,-0.144
0.3,1.0,0.4,-0.119
0.3,1.0,0.5,-0.161
0.3,1.0,0.6,-0.137
0.3,1.0,0.7,-0.151
0.3,1.0,0.8,-0.228
0.3,1.0,0.9,-0.163
0.3,1.0,1.0,-0.127
0.4,0.1,0.1,-0.11
0.4,0.1,0.2,-0.125
0.4,0.1,0.3,-0.097
0.4,0.1,0.4,-0.108
0.4,0.1,0.5,-0.138
0.4,0.1,0.6,-0.15
0.4,0.1,0.7,-0.143
0.4,0.1,0.8,-0.128
0.4,0.1,0.9,-0.181
0.4,0.1,1.0,-0.139
0.4,0.2,0.1,-0.099
0.4,0.2,0.2,-0.119
0.4,0.2,0.3,-0.104
0.4,0.2,0.4,-0.14
0.4,0.2,0.5,-0.151
0.4,0.2,0.6,-0.147
0.4,0.2,0.7,-0.144
0.4,0.2,0.8,-0.089
0.4,0.2,0.9,-0.121
0.4,0.2,1.0,-0.147
0.4,0.3,0.1,-0.114
0.4,0.3,0.2,-0.142
0.4,0.3,0.3,-0.184
0.4,0.3,0.4,-0.095
0.4,0.3,0.5,-0.152
0.4,0.3,0.6,-0.149
0.4,0.3,0.7,-0.129
0.4,0.3,0.8,-0.145
0.4,0.3,0.9,-0.167
0.4,0.3,1.0,-0.081
0.4,0.4,0.1,-0.116
0.4,0.4,0.2,-0.112
0.4,0.4,0.3,-0.103
0.4,0.4,0.4,-0.14
0.4,0.4,0.5,-0.166
0.4,0.4,0.6,-0.143
0.4,0.4,0.7,-0.156
0.4,0.4,0.8,-0.162
0.4,0.4,0.9,-0.198
0.4,0.4,1.0,-0.146
0.4,0.5,0.1,-0.103
0.4,0.5,0.2,-0.143
0.4,0.5,0.3,-0.126
0.4,0.5,0.4,-0.169
0.4,0.5,0.5,-0.112
0.4,0.5,0.6,-0.097
0.4,0.5,0.7,-0.158
0.4,0.5,0.8,-0.168
0.4,0.5,0.9,-0.156
0.4,0.5,1.0,-0.225
0.4,0.6,0.1,-0.113
0.4,0.6,0.2,-0.138
0.4,0.6,0.3,-0.117
0.4,0.6,0.4,-0.118
0.4,0.6,0.5,-0.137
0.4,0.6,0.6,-0.13
0.4,0.6,0.7,-0.117
0.4,0.6,0.8,-0.069
0.4,0.6,0.9,-0.212
0.4,0.6,1.0,-0.116
0.4,0.7,0.1,-0.12
0.4,0.7,0.2,-0.144
0.4,0.7,0.3,-0.168
0.4,0.7,0.4,-0.052
0.4,0.7,0.5,-0.131
0.4,0.7,0.6,-0.134
0.4,0.7,0.7,-0.147
0.4,0.7,0.8,-0.126
0.4,0.7,0.9,-0.075
0.4,0.7,1.0,-0.098
0.4,0.8,0.1,-0.104
0.4,0.8,0.2,-0.05
0.4,0.8,0.3,-0.112
0.4,0.8,0.4,-0.132
0.4,0.8,0.5,-0.152
0.4,0.8,0.6,-0.108
0.4,0.8,0.7,-0.136
0.4,0.8,0.8,-0.102
0.4,0.8,0.9,-0.116
0.4,0.8,1.0,-0.145
0.4,0.9,0.1,-0.081
0.4,0.9,0.2,-0.091
0.4,0.9,0.3,-0.128
0.4,0.9,0.4,-0.099
0.4,0.9,0.5,-0.135
0.4,0.9,0.6,-0.166
0.4,0.9,0.7,-0.141
0.4,0.9,0.8,-0.116
0.4,0.9,0.9,-0.125
0.4,0.9,1.0,-0.132
0.4,1.0,0.1,-0.069
0.4,1.0,0.2,-0.062
0.4,1.0,0.3,-0.09
0.4,1.0,0.4,-0.122
0.4,1.0,0.5,-0.103
0.4,1.0,0.6,-0.177
0.4,1.0,0.7,-0.154
0.4,1.0,0.8,-0.168
0.4,1.0,0.9,-0.166
0.4,1.0,1.0,-0.151
0.5,0.1,0.1,-0.137
0.5,0.1,0.2,-0.119
0.5,0.1,0.3,-0.124
0.5,0.1,0.4,-0.101
0.5,0.1,0.5,-0.117
0.5,0.1,0.6,-0.138
0.5,0.1,0.7,-0.109
0.5,0.1,0.8,-0.097
0.5,0.1,0.9,-0.155
0.5,0.1,1.0,-0.09
0.5,0.2,0.1,-0.135
0.5,0.2,0.2,-0.101
0.5,0.2,0.3,-0.074
0.5,0.2,0.4,-0.15
0.5,0.2,0.5,-0.13
0.5,0.2,0.6,-0.109
0.5,0.2,0.7,-0.153
0.5,0.2,0.8,-0.113
0.5,0.2,0.9,-0.179
0.5,0.2,1.0,-0.135
0.5,0.3,0.1,-0.14
0.5,0.3,0.2,-0.09
0.5,0.3,0.3,-0.095
0.5,0.3,0.4,-0.165
0.5,0.3,0.5,-0.117
0.5,0.3,0.6,-0.116
0.5,0.3,0.7,-0.162
0.5,0.3,0.8,-0.115
0.5,0.3,0.9,-0.132
0.5,0.3,1.0,-0.172
0.5,0.4,0.1,-0.083
0.5,0.4,0.2,-0.121
0.5,0.4,0.3,-0.121
0.5,0.4,0.4,-0.085
0.5,0.4,0.5,-0.159
0.5,0.4,0.6,-0.151
0.5,0.4,0.7,-0.068
0.5,0.4,0.8,-0.086
0.5,0.4,0.9,-0.123
0.5,0.4,1.0,-0.184
0.5,0.5,0.1,-0.129
0.5,0.5,0.2,-0.139
0.5,0.5,0.3,-0.095
0.5,0.5,0.4,-0.129
0.5,0.5,0.5,-0.101
0.5,0.5,0.6,-0.185
0.5,0.5,0.7,-0.16
0.5,0.5,0.8,-0.137
0.5,0.5,0.9,-0.183
0.5,0.5,1.0,-0.155
0.5,0.6,0.1,-0.095
0.5,0.6,0.2,-0.203
0.5,0.6,0.3,-0.06
0.5,0.6,0.4,-0.097
0.5,0.6,0.5,-0.142
0.5,0.6,0.6,-0.156
0.5,0.6,0.7,-0.136
0.5,0.6,0.8,-0.17
0.5,0.6,0.9,-0.153
0.5,0.6,1.0,-0.17
0.5,0.7,0.1,-0.149
0.5,0.7,0.2,-0.18
0.5,0.7,0.3,-0.067
0.5,0.7,0.4,-0.136
0.5,0.7,0.5,-0.098
0.5,0.7,0.6,-0.155
0.5,0.7,0.7,-0.177
0.5,0.7,0.8,-0.17
0.5,0.7,0.9,-0.164
0.5,0.7,1.0,-0.072
0.5,0.8,0.1,-0.137
0.5,0.8,0.2,-0.129
0.5,0.8,0.3,-0.142
0.5,0.8,0.4,-0.121
0.5,0.8,0.5,-0.109
0.5,0.8,0.6,-0.126
0.5,0.8,0.7,-0.169
0.5,0.8,0.8,-0.206
0.5,0.8,0.9,-0.21
0.5,0.8,1.0,-0.164
0.5,0.9,0.1,-0.103
0.5,0.9,0.2,-0.081
0.5,0.9,0.3,-0.113
0.5,0.9,0.4,-0.119
0.5,0.9,0.5,-0.117
0.5,0.9,0.6,-0.129
0.5,0.9,0.7,-0.109
0.5,0.9,0.8,-0.09
0.5,0.9,0.9,-0.13
0.5,0.9,1.0,-0.123
0.5,1.0,0.1,-0.117
0.5,1.0,0.2,-0.099
0.5,1.0,0.3,-0.146
0.5,1.0,0.4,-0.201
0.5,1.0,0.5,-0.103
0.5,1.0,0.6,-0.147
0.5,1.0,0.7,-0.141
0.5,1.0,0.8,-0.156
0.5,1.0,0.9,-0.111
0.5,1.0,1.0,-0.215
0.6,0.1,0.1,-0.163
0.6,0.1,0.2,-0.185
0.6,0.1,0.3,-0.034
0.6,0.1,0.4,-0.091
0.6,0.1,0.5,-0.13
0.6,0.1,0.6,-0.145
0.6,0.1,0.7,-0.13
0.6,0.1,0.8,-0.137
0.6,0.1,0.9,-0.172
0.6,0.1,1.0,-0.182
0.6,0.2,0.1,-0.144
0.6,0.2,0.2,-0.074
0.6,0.2,0.3,-0.107
0.6,0.2,0.4,-0.144
0.6,0.2,0.5,-0.114
0.6,0.2,0.6,-0.11
0.6,0.2,0.7,-0.084
0.6,0.2,0.8,-0.094
0.6,0.2,0.9,-0.183
0.6,0.2,1.0,-0.183
0.6,0.3,0.1,-0.115
0.6,0.3,0.2,-0.21
0.6,0.3,0.3,-0.128
0.6,0.3,0.4,-0.122
0.6,0.3,0.5,-0.102
0.6,0.3,0.6,-0.109
0.6,0.3,0.7,-0.114
0.6,0.3,0.8,-0.11
0.6,0.3,0.9,-0.113
0.6,0.3,1.0,-0.121
0.6,0.4,0.1,-0.152
0.6,0.4,0.2,-0.126
0.6,0.4,0.3,-0.117
0.6,0.4,0.4,-0.167
0.6,0.4,0.5,-0.111
0.6,0.4,0.6,-0.104
0.6,0.4,0.7,-0.146
0.6,0.4,0.8,-0.133
0.6,0.4,0.9,-0.124
0.6,0.4,1.0,-0.168
0.6,0.5,0.1,-0.131
0.6,0.5,0.2,-0.162
0.6,0.5,0.3,-0.157
0.6,0.5,0.4,-0.125
0.6,0.5,0.5,-0.16
0.6,0.5,0.6,-0.131
0.6,0.5,0.7,-0.166
0.6,0.5,0.8,-0.155
0.6,0.5,0.9,-0.115
0.6,0.5,1.0,-0.15
0.6,0.6,0.1,-0.141
0.6,0.6,0.2,-0.111
0.6,0.6,0.3,-0.149
0.6,0.6,0.4,-0.088
0.6,0.6,0.5,-0.165
0.6,0.6,0.6,-0.087
0.6,0.6,0.7,-0.145
0.6,0.6,0.8,-0.144
0.6,0.6,0.9,-0.143
0.6,0.6,1.0,-0.155
0.6,0.7,0.1,-0.117
0.6,0.7,0.2,-0.094
0.6,0.7,0.3,-0.194
0.6,0.7,0.4,-0.143
0.6,0.7,0.5,-0.117
0.6,0.7,0.6,-0.147
0.6,0.7,0.7,-0.086
0.6,0.7,0.8,-0.129
0.6,0.7,0.9,-0.149
0.6,0.7,1.0,-0.17
0.6,0.8,0.1,-0.099
0.6,0.8,0.2,-0.133
0.6,0.8,0.3,-0.091
0.6,0.8,0.4,-0.156
0.6,0.8,0.5,-0.079
0.6,0.8,0.6,-0.117
0.6,0.8,0.7,-0.092
0.6,0.8,0.8,-0.139
0.6,0.8,0.9,-0.116
0.6,0.8,1.0,-0.127
0.6,0.9,0.1,-0.081
0.6,0.9,0.2,-0.095
0.6,0.9,0.3,-0.116
0.6,0.9,0.4,-0.112
0.6,0.9,0.5,-0.084
0.6,0.9,0.6,-0.134
0.6,0.9,0.7,-0.137
0.6,0.9,0.8,-0.116
0.6,0.9,0.9,-0.16
0.6,0.9,1.0,-0.191
0.6,1.0,0.1,-0.093
0.6,1.0,0.2,-0.16
0.6,1.0,0.3,-0.129
0.6,1.0,0.4,-0.096
0.6,1.0,0.5,-0.181
0.6,1.0,0.6,-0.18
0.6,1.0,0.7,-0.094
0.6,1.0,0.8,-0.162
0.6,1.0,0.9,-0.157
0.6,1.0,1.0,-0.155
0.7,0.1,0.1,-0.105
0.7,0.1,0.2,-0.115
0.7,0.1,0.3,-0.167
0.7,0.1,0.4,-0.185
0.7,0.1,0.5,-0.096
0.7,0.1,0.6,-0.121
0.7,0.1,0.7,-0.15
0.7,0.1,0.8,-0.135
0.7,0.1,0.9,-0.212
0.7,0.1,1.0,-0.134
0.7,0.2,0.1,-0.176
0.7,0.2,0.2,-0.098
0.7,0.2,0.3,-0.109
0.7,0.2,0.4,-0.123
0.7,0.2,0.5,-0.114
0.7,0.2,0.6,-0.132
0.7,0.2,0.7,-0.131
0.7,0.2,0.8,-0.157
0.7,0.2,0.9,-0.133
0.7,0.2,1.0,-0.184
0.7,0.3,0.1,-0.124
0.7,0.3,0.2,-0.129
0.7,0.3,0.3,-0.094
0.7,0.3,0.4,-0.096
0.7,0.3,0.5,-0.201
0.7,0.3,0.6,-0.138
0.7,0.3,0.7,-0.146
0.7,0.3,0.8,-0.13
0.7,0.3,0.9,-0.161
0.7,0.3,1.0,-0.179
0.7,0.4,0.1,-0.12
0.7,0.4,0.2,-0.088
0.7,0.4,0.3,-0.13
0.7,0.4,0.4,-0.159
0.7,0.4,0.5,-0.146
0.7,0.4,0.6,-0.111
0.7,0.4,0.7,-0.124
0.7,0.4,0.8,-0.139
0.7,0.4,0.9,-0.126
0.7,0.4,1.0,-0.174
0.7,0.5,0.1,-0.108
0.7,0.5,0.2,-0.127
0.7,0.5,0.3,-0.118
0.7,0.5,0.4,-0.11
0.7,0.5,0.5,-0.092
0.7,0.5,0.6,-0.129
0.7,0.5,0.7,-0.105
0.7,0.5,0.8,-0.14
0.7,0.5,0.9,-0.136
0.7,0.5,1.0,-0.185
0.7,0.6,0.1,-0.11
0.7,0.6,0.2,-0.103
0.7,0.6,0.3,-0.134
0.7,0.6,0.4,-0.12
0.7,0.6,0.5,-0.185
0.7,0.6,0.6,-0.175
0.7,0.6,0.7,-0.103
0.7,0.6,0.8,-0.174
0.7,0.6,0.9,-0.137
0.7,0.6,1.0,-0.139
0.7,0.7,0.1,-0.153
0.7,0.7,0.2,-0.114
0.7,0.7,0.3,-0.085
0.7,0.7,0.4,-0.147
0.7,0.7,0.5,-0.126
0.7,0.7,0.6,-0.163
0.7,0.7,0.7,-0.163
0.7,0.7,0.8,-0.181
0.7,0.7,0.9,-0.146
0.7,0.7,1.0,-0.174
0.7,0.8,0.1,-0.145
0.7,0.8,0.2,-0.139
0.7,0.8,0.3,-0.059
0.7,0.8,0.4,-0.149
0.7,0.8,0.5,-0.105
0.7,0.8,0.6,-0.097
0.7,0.8,0.7,-0.089
0.7,0.8,0.8,-0.141
0.7,0.8,0.9,-0.097
0.7,0.8,1.0,-0.206
0.7,0.9,0.1,-0.046
0.7,0.9,0.2,-0.147
0.7,0.9,0.3,-0.17
0.7,0.9,0.4,-0.147
0.7,0.9,0.5,-0.152
0.7,0.9,0.6,-0.119
0.7,0.9,0.7,-0.144
0.7,0.9,0.8,-0.141
0.7,0.9,0.9,-0.129
0.7,0.9,1.0,-0.141
0.7,1.0,0.1,-0.118
0.7,1.0,0.2,-0.107
0.7,1.0,0.3,-0.128
0.7,1.0,0.4,-0.086
0.7,1.0,0.5,-0.162
0.7,1.0,0.6,-0.138
0.7,1.0,0.7,-0.11
0.7,1.0,0.8,-0.164
0.7,1.0,0.9,-0.19
0.7,1.0,1.0,-0.147
0.8,0.1,0.1,-0.095
0.8,0.1,0.2,-0.113
0.8,0.1,0.3,-0.121
0.8,0.1,0.4,-0.131
0.8,0.1,0.5,-0.132
0.8,0.1,0.6,-0.147
0.8,0.1,0.7,-0.115
0.8,0.1,0.8,-0.161
0.8,0.1,0.9,-0.174
0.8,0.1,1.0,-0.129
0.8,0.2,0.1,-0.126
0.8,0.2,0.2,-0.148
0.8,0.2,0.3,-0.185
0.8,0.2,0.4,-0.136
0.8,0.2,0.5,-0.104
0.8,0.2,0.6,-0.107
0.8,0.2,0.7,-0.15
0.8,0.2,0.8,-0.166
0.8,0.2,0.9,-0.204
0.8,0.2,1.0,-0.131
0.8,0.3,0.1,-0.113
0.8,0.3,0.2,-0.105
0.8,0.3,0.3,-0.138
0.8,0.3,0.4,-0.156
0.8,0.3,0.5,-0.114
0.8,0.3,0.6,-0.081
0.8,0.3,0.7,-0.146
0.8,0.3,0.8,-0.133
0.8,0.3,0.9,-0.121
0.8,0.3,1.0,-0.184
0.8,0.4,0.1,-0.12
0.8,0.4,0.2,-0.164
0.8,0.4,0.3,-0.191
0.8,0.4,0.4,-0.163
0.8,0.4,0.5,-0.141
0.8,0.4,0.6,-0.16
0.8,0.4,0.7,-0.13
0.8,0.4,0.8,-0.163
0.8,0.4,0.9,-0.197
0.8,0.4,1.0,-0.11
0.8,0.5,0.1,-0.154
0.8,0.5,0.2,-0.148
0.8,0.5,0.3,-0.151
0.8,0.5,0.4,-0.148
0.8,0.5,0.5,-0.081
0.8,0.5,0.6,-0.103
0.8,0.5,0.7,-0.206
0.8,0.5,0.8,-0.113
0.8,0.5,0.9,-0.198
0.8,0.5,1.0,-0.139
0.8,0.6,0.1,-0.138
0.8,0.6,0.2,-0.133
0.8,0.6,0.3,-0.124
0.8,0.6,0.4,-0.158
0.8,0.6,0.5,-0.156
0.8,0.6,0.6,-0.127
0.8,0.6,0.7,-0.094
0.8,0.6,0.8,-0.181
0.8,0.6,0.9,-0.143
0.8,0.6,1.0,-0.197
0.8,0.7,0.1,-0.142
0.8,0.7,0.2,-0.193
0.8,0.7,0.3,-0.131
0.8,0.7,0.4,-0.128
0.8,0.7,0.5,-0.151
0.8,0.7,0.6,-0.128
0.8,0.7,0.7,-0.157
0.8,0.7,0.8,-0.141
0.8,0.7,0.9,-0.142
0.8,0.7,1.0,-0.249
0.8,0.8,0.1,-0.116
0.8,0.8,0.2,-0.1
0.8,0.8,0.3,-0.18
0.8,0.8,0.4,-0.155
0.8,0.8,0.5,-0.119
0.8,0.8,0.6,-0.177
0.8,0.8,0.7,-0.175
0.8,0.8,0.8,-0.128
0.8,0.8,0.9,-0.118
0.8,0.8,1.0,-0.141
0.8,0.9,0.1,-0.105
0.8,0.9,0.2,-0.146
0.8,0.9,0.3,-0.122
0.8,0.9,0.4,-0.096
0.8,0.9,0.5,-0.154
0.8,0.9,0.6,-0.153
0.8,0.9,0.7,-0.129
0.8,0.9,0.8,-0.169
0.8,0.9,0.9,-0.13
0.8,0.9,1.0,-0.127
0.8,1.0,0.1,-0.126
0.8,1.0,0.2,-0.172
0.8,1.0,0.3,-0.126
0.8,1.0,0.4,-0.12
0.8,1.0,0.5,-0.166
0.8,1.0,0.6,-0.072
0.8,1.0,0.7,-0.157
0.8,1.0,0.8,-0.137
0.8,1.0,0.9,-0.154
0.8,1.0,1.0,-0.093
0.9,0.1,0.1,-0.097
0.9,0.1,0.2,-0.146
0.9,0.1,0.3,-0.149
0.9,0.1,0.4,-0.098
0.9,0.1,0.5,-0.178
0.9,0.1,0.6,-0.116
0.9,0.1,0.7,-0.124
0.9,0.1,0.8,-0.134
0.9,0.1,0.9,-0.138
0.9,0.1,1.0,-0.131
0.9,0.2,0.1,-0.113
0.9,0.2,0.2,-0.128
0.9,0.2,0.3,-0.134
0.9,0.2,0.4,-0.092
0.9,0.2,0.5,-0.151
0.9,0.2,0.6,-0.081
0.9,0.2,0.7,-0.124
0.9,0.2,0.8,-0.142
0.9,0.2,0.9,-0.158
0.9,0.2,1.0,-0.195
0.9,0.3,0.1,-0.11
0.9,0.3,0.2,-0.096
0.9,0.3,0.3,-0.131
0.9,0.3,0.4,-0.118
0.9,0.3,0.5,-0.132
0.9,0.3,0.6,-0.109
0.9,0.3,0.7,-0.168
0.9,0.3,0.8,-0.129
0.9,0.3,0.9,-0.136
0.9,0.3,1.0,-0.121
0.9,0.4,0.1,-0.136
0.9,0.4,0.2,-0.139
0.9,0.4,0.3,-0.136
0.9,0.4,0.4,-0.114
0.9,0.4,0.5,-0.172
0.9,0.4,0.6,-0.134
0.9,0.4,0.7,-0.149
0.9,0.4,0.8,-0.104
0.9,0.4,0.9,-0.164
0.9,0.4,1.0,-0.182
0.9,0.5,0.1,-0.131
0.9,0.5,0.2,-0.126
0.9,0.5,0.3,-0.116
0.9,0.5,0.4,-0.093
0.9,0.5,0.5,-0.084
0.9,0.5,0.6,-0.167
0.9,0.5,0.7,-0.183
0.9,0.5,0.8,-0.151
0.9,0.5,0.9,-0.155
0.9,0.5,1.0,-0.167
0.9,0.6,0.1,-0.109
0.9,0.6,0.2,-0.084
0.9,0.6,0.3,-0.16
0.9,0.6,0.4,-0.072
0.9,0.6,0.5,-0.133
0.9,0.6,0.6,-0.158
0.9,0.6,0.7,-0.089
0.9,0.6,0.8,-0.139
0.9,0.6,0.9,-0.196
0.9,0.6,1.0,-0.124
0.9,0.7,0.1,-0.136
0.9,0.7,0.2,-0.143
0.9,0.7,0.3,-0.098
0.9,0.7,0.4,-0.15
0.9,0.7,0.5,-0.065
0.9,0.7,0.6,-0.102
0.9,0.7,0.7,-0.149
0.9,0.7,0.8,-0.094
0.9,0.7,0.9,-0.129
0.9,0.7,1.0,-0.132
0.9,0.8,0.1,-0.105
0.9,0.8,0.2,-0.032
0.9,0.8,0.3,-0.124
0.9,0.8,0.4,-0.164
0.9,0.8,0.5,-0.132
0.9,0.8,0.6,-0.147
0.9,0.8,0.7,-0.12
0.9,0.8,0.8,-0.197
0.9,0.8,0.9,-0.145
0.9,0.8,1.0,-0.119
0.9,0.9,0.1,-0.166
0.9,0.9,0.2,-0.117
0.9,0.9,0.3,-0.164
0.9,0.9,0.4,-0.128
0.9,0.9,0.5,-0.138
0.9,0.9,0.6,-0.119
0.9,0.9,0.7,-0.134
0.9,0.9,0.8,-0.142
0.9,0.9,0.9,-0.16
0.9,0.9,1.0,-0.127
0.9,1.0,0.1,-0.154
0.9,1.0,0.2,-0.156
0.9,1.0,0.3,-0.128
0.9,1.0,0.4,-0.127
0.9,1.0,0.5,-0.13
0.9,1.0,0.6,-0.095
0.9,1.0,0.7,-0.149
0.9,1.0,0.8,-0.129
0.9,1.0,0.9,-0.111
0.9,1.0,1.0,-0.087
1.0,0.1,0.1,-0.103
1.0,0.1,0.2,-0.089
1.0,0.1,0.3,-0.112
1.0,0.1,0.4,-0.117
1.0,0.1,0.5,-0.175
1.0,0.1,0.6,-0.136
1.0,0.1,0.7,-0.157
1.0,0.1,0.8,-0.111
1.0,0.1,0.9,-0.184
1.0,0.1,1.0,-0.145
1.0,0.2,0.1,-0.053
1.0,0.2,0.2,-0.127
1.0,0.2,0.3,-0.089
1.0,0.2,0.4,-0.194
1.0,0.2,0.5,-0.105
1.0,0.2,0.6,-0.116
1.0,0.2,0.7,-0.173
1.0,0.2,0.8,-0.089
1.0,0.2,0.9,-0.146
1.0,0.2,1.0,-0.147
1.0,0.3,0.1,-0.127
1.0,0.3,0.2,-0.11
1.0,0.3,0.3,-0.206
1.0,0.3,0.4,-0.069
1.0,0.3,0.5,-0.139
1.0,0.3,0.6,-0.106
1.0,0.3,0.7,-0.111
1.0,0.3,0.8,-0.14
1.0,0.3,0.9,-0.108
1.0,0.3,1.0,-0.134
1.0,0.4,0.1,-0.123
1.0,0.4,0.2,-0.133
1.0,0.4,0.3,-0.087
1.0,0.4,0.4,-0.131
1.0,0.4,0.5,-0.12
1.0,0.4,0.6,-0.116
1.0,0.4,0.7,-0.186
1.0,0.4,0.8,-0.145
1.0,0.4,0.9,-0.159
1.0,0.4,1.0,-0.147
1.0,0.5,0.1,-0.143
1.0,0.5,0.2,-0.126
1.0,0.5,0.3,-0.109
1.0,0.5,0.4,-0.109
1.0,0.5,0.5,-0.124
1.0,0.5,0.6,-0.174
1.0,0.5,0.7,-0.154
1.0,0.5,0.8,-0.204
1.0,0.5,0.9,-0.119
1.0,0.5,1.0,-0.144
1.0,0.6,0.1,-0.12
1.0,0.6,0.2,-0.08
1.0,0.6,0.3,-0.108
1.0,0.6,0.4,-0.097
1.0,0.6,0.5,-0.131
1.0,0.6,0.6,-0.114
1.0,0.6,0.7,-0.112
1.0,0.6,0.8,-0.097
1.0,0.6,0.9,-0.136
1.0,0.6,1.0,-0.155
1.0,0.7,0.1,-0.064
1.0,0.7,0.2,-0.15
1.0,0.7,0.3,-0.153
1.0,0.7,0.4,-0.165
1.0,0.7,0.5,-0.11
1.0,0.7,0.6,-0.134
1.0,0.7,0.7,-0.173
1.0,0.7,0.8,-0.158
1.0,0.7,0.9,-0.134
1.0,0.7,1.0,-0.148
1.0,0.8,0.1,-0.143
1.0,0.8,0.2,-0.082
1.0,0.8,0.3,-0.141
1.0,0.8,0.4,-0.176
1.0,0.8,0.5,-0.148
1.0,0.8,0.6,-0.132
1.0,0.8,0.7,-0.151
1.0,0.8,0.8,-0.139
1.0,0.8,0.9,-0.119
1.0,0.8,1.0,-0.187
1.0,0.9,0.1,-0.093
1.0,0.9,0.2,-0.116
1.0,0.9,0.3,-0.137
1.0,0.9,0.4,-0.142
1.0,0.9,0.5,-0.156
1.0,0.9,0.6,-0.154
1.0,0.9,0.7,-0.124
1.0,0.9,0.8,-0.104
1.0,0.9,0.9,-0.118
1.0,0.9,1.0,-0.144
1.0,1.0,0.1,-0.162
1.0,1.0,0.2,-0.131
1.0,1.0,0.3,-0.132
1.0,1.0,0.4,-0.117
1.0,1.0,0.5,-0.112
1.0,1.0,0.6,-0.117
1.0,1.0,0.7,-0.127
1.0,1.0,0.8,-0.135
1.0,1.0,0.9,-0.165
1.0,1.0,1.0,-0.15
Alpha,Gamma,Epsilon,Average Reward
0.1,0.1,0.1,-0.134
0.1,0.1,0.2,-0.121
0.1,0.1,0.3,-0.098
0.1,0.1,0.4,-0.142
0.1,0.1,0.5,-0.136
0.1,0.1,0.6,-0.144
0.1,0.1,0.7,-0.135
0.1,0.1,0.8,-0.174
0.1,0.1,0.9,-0.136
0.1,0.1,1.0,-0.165
0.1,0.2,0.1,-0.106
0.1,0.2,0.2,-0.117
0.1,0.2,0.3,-0.115
0.1,0.2,0.4,-0.063
0.1,0.2,0.5,-0.115
0.1,0.2,0.6,-0.127
0.1,0.2,0.7,-0.131
0.1,0.2,0.8,-0.187
0.1,0.2,0.9,-0.144
0.1,0.2,1.0,-0.151
0.1,0.3,0.1,-0.104
0.1,0.3,0.2,-0.137
0.1,0.3,0.3,-0.112
0.1,0.3,0.4,-0.118
0.1,0.3,0.5,-0.133
0.1,0.3,0.6,-0.115
0.1,0.3,0.7,-0.152
0.1,0.3,0.8,-0.121
0.1,0.3,0.9,-0.176
0.1,0.3,1.0,-0.123
0.1,0.4,0.1,-0.119
0.1,0.4,0.2,-0.152
0.1,0.4,0.3,-0.101
0.1,0.4,0.4,-0.134
0.1,0.4,0.5,-0.124
0.1,0.4,0.6,-0.131
0.1,0.4,0.7,-0.125
0.1,0.4,0.8,-0.108
0.1,0.4,0.9,-0.167
0.1,0.4,1.0,-0.177
0.1,0.5,0.1,-0.134
0.1,0.5,0.2,-0.157
0.1,0.5,0.3,-0.144
0.1,0.5,0.4,-0.163
0.1,0.5,0.5,-0.199
0.1,0.5,0.6,-0.166
0.1,0.5,0.7,-0.164
0.1,0.5,0.8,-0.159
0.1,0.5,0.9,-0.155
0.1,0.5,1.0,-0.163
0.1,0.6,0.1,-0.138
0.1,0.6,0.2,-0.132
0.1,0.6,0.3,-0.09
0.1,0.6,0.4,-0.106
0.1,0.6,0.5,-0.12
0.1,0.6,0.6,-0.086
0.1,0.6,0.7,-0.131
0.1,0.6,0.8,-0.128
0.1,0.6,0.9,-0.161
0.1,0.6,1.0,-0.119
0.1,0.7,0.1,-0.1
0.1,0.7,0.2,-0.162
0.1,0.7,0.3,-0.16
0.1,0.7,0.4,-0.146
0.1,0.7,0.5,-0.13
0.1,0.7,0.6,-0.15
0.1,0.7,0.7,-0.134
0.1,0.7,0.8,-0.134
0.1,0.7,0.9,-0.123
0.1,0.7,1.0,-0.178
0.1,0.8,0.1,-0.129
0.1,0.8,0.2,-0.139
0.1,0.8,0.3,-0.144
0.1,0.8,0.4,-0.115
0.1,0.8,0.5,-0.14
0.1,0.8,0.6,-0.107
0.1,0.8,0.7,-0.104
0.1,0.8,0.8,-0.161
0.1,0.8,0.9,-0.086
0.1,0.8,1.0,-0.151
0.1,0.9,0.1,-0.122
0.1,0.9,0.2,-0.149
0.1,0.9,0.3,-0.17
0.1,0.9,0.4,-0.16
0.1,0.9,0.5,-0.11
0.1,0.9,0.6,-0.142
0.1,0.9,0.7,-0.087
0.1,0.9,0.8,-0.156
0.1,0.9,0.9,-0.104
0.1,0.9,1.0,-0.139
0.1,1.0,0.1,-0.132
0.1,1.0,0.2,-0.154
0.1,1.0,0.3,-0.117
0.1,1.0,0.4,-0.117
0.1,1.0,0.5,-0.131
0.1,1.0,0.6,-0.17
0.1,1.0,0.7,-0.141
0.1,1.0,0.8,-0.14
0.1,1.0,0.9,-0.167
0.1,1.0,1.0,-0.172
0.2,0.1,0.1,-0.101
0.2,0.1,0.2,-0.155
0.2,0.1,0.3,-0.035
0.2,0.1,0.4,-0.1
0.2,0.1,0.5,-0.131
0.2,0.1,0.6,-0.1
0.2,0.1,0.7,-0.136
0.2,0.1,0.8,-0.178
0.2,0.1,0.9,-0.149
0.2,0.1,1.0,-0.17
0.2,0.2,0.1,-0.177
0.2,0.2,0.2,-0.111
0.2,0.2,0.3,-0.168
0.2,0.2,0.4,-0.111
0.2,0.2,0.5,-0.176
0.2,0.2,0.6,-0.175
0.2,0.2,0.7,-0.11
0.2,0.2,0.8,-0.145
0.2,0.2,0.9,-0.147
0.2,0.2,1.0,-0.144
0.2,0.3,0.1,-0.109
0.2,0.3,0.2,-0.138
0.2,0.3,0.3,-0.156
0.2,0.3,0.4,-0.158
0.2,0.3,0.5,-0.125
0.2,0.3,0.6,-0.132
0.2,0.3,0.7,-0.151
0.2,0.3,0.8,-0.171
0.2,0.3,0.9,-0.123
0.2,0.3,1.0,-0.151
0.2,0.4,0.1,-0.117
0.2,0.4,0.2,-0.126
0.2,0.4,0.3,-0.07
0.2,0.4,0.4,-0.183
0.2,0.4,0.5,-0.067
0.2,0.4,0.6,-0.185
0.2,0.4,0.7,-0.116
0.2,0.4,0.8,-0.104
0.2,0.4,0.9,-0.165
0.2,0.4,1.0,-0.111
0.2,0.5,0.1,-0.085
0.2,0.5,0.2,-0.141
0.2,0.5,0.3,-0.179
0.2,0.5,0.4,-0.151
0.2,0.5,0.5,-0.132
0.2,0.5,0.6,-0.185
0.2,0.5,0.7,-0.154
0.2,0.5,0.8,-0.156
0.2,0.5,0.9,-0.198
0.2,0.5,1.0,-0.13
0.2,0.6,0.1,-0.159
0.2,0.6,0.2,-0.123
0.2,0.6,0.3,-0.058
0.2,0.6,0.4,-0.111
0.2,0.6,0.5,-0.12
0.2,0.6,0.6,-0.135
0.2,0.6,0.7,-0.146
0.2,0.6,0.8,-0.135
0.2,0.6,0.9,-0.142
0.2,0.6,1.0,-0.117
0.2,0.7,0.1,-0.1
0.2,0.7,0.2,-0.134
0.2,0.7,0.3,-0.105
0.2,0.7,0.4,-0.107
0.2,0.7,0.5,-0.137
0.2,0.7,0.6,-0.126
0.2,0.7,0.7,-0.167
0.2,0.7,0.8,-0.171
0.2,0.7,0.9,-0.115
0.2,0.7,1.0,-0.13
0.2,0.8,0.1,-0.169
0.2,0.8,0.2,-0.13
0.2,0.8,0.3,-0.15
0.2,0.8,0.4,-0.118
0.2,0.8,0.5,-0.114
0.2,0.8,0.6,-0.129
0.2,0.8,0.7,-0.084
0.2,0.8,0.8,-0.104
0.2,0.8,0.9,-0.167
0.2,0.8,1.0,-0.144
0.2,0.9,0.1,-0.184
0.2,0.9,0.2,-0.148
0.2,0.9,0.3,-0.153
0.2,0.9,0.4,-0.109
0.2,0.9,0.5,-0.149
0.2,0.9,0.6,-0.182
0.2,0.9,0.7,-0.15
0.2,0.9,0.8,-0.14
0.2,0.9,0.9,-0.158
0.2,0.9,1.0,-0.203
0.2,1.0,0.1,-0.096
0.2,1.0,0.2,-0.113
0.2,1.0,0.3,-0.148
0.2,1.0,0.4,-0.125
0.2,1.0,0.5,-0.125
0.2,1.0,0.6,-0.129
0.2,1.0,0.7,-0.087
0.2,1.0,0.8,-0.142
0.2,1.0,0.9,-0.117
0.2,1.0,1.0,-0.145
0.3,0.1,0.1,-0.168
0.3,0.1,0.2,-0.114
0.3,0.1,0.3,-0.144
0.3,0.1,0.4,-0.107
0.3,0.1,0.5,-0.087
0.3,0.1,0.6,-0.124
0.3,0.1,0.7,-0.162
0.3,0.1,0.8,-0.131
0.3,0.1,0.9,-0.14
0.3,0.1,1.0,-0.115
0.3,0.2,0.1,-0.086
0.3,0.2,0.2,-0.118
0.3,0.2,0.3,-0.136
0.3,0.2,0.4,-0.1
0.3,0.2,0.5,-0.165
0.3,0.2,0.6,-0.146
0.3,0.2,0.7,-0.132
0.3,0.2,0.8,-0.19
0.3,0.2,0.9,-0.092
0.3,0.2,1.0,-0.197
0.3,0.3,0.1,-0.131
0.3,0.3,0.2,-0.097
0.3,0.3,0.3,-0.098
0.3,0.3,0.4,-0.096
0.3,0.3,0.5,-0.087
0.3,0.3,0.6,-0.129
0.3,0.3,0.7,-0.165
0.3,0.3,0.8,-0.122
0.3,0.3,0.9,-0.135
0.3,0.3,1.0,-0.126
0.3,0.4,0.1,-0.161
0.3,0.4,0.2,-0.12
0.3,0.4,0.3,-0.086
0.3,0.4,0.4,-0.157
0.3,0.4,0.5,-0.095
0.3,0.4,0.6,-0.188
0.3,0.4,0.7,-0.153
0.3,0.4,0.8,-0.129
0.3,0.4,0.9,-0.132
0.3,0.4,1.0,-0.16
0.3,0.5,0.1,-0.125
0.3,0.5,0.2,-0.169
0.3,0.5,0.3,-0.071
0.3,0.5,0.4,-0.143
0.3,0.5,0.5,-0.118
0.3,0.5,0.6,-0.126
0.3,0.5,0.7,-0.187
0.3,0.5,0.8,-0.107
0.3,0.5,0.9,-0.111
0.3,0.5,1.0,-0.124
0.3,0.6,0.1,-0.12
0.3,0.6,0.2,-0.174
0.3,0.6,0.3,-0.187
0.3,0.6,0.4,-0.166
0.3,0.6,0.5,-0.128
0.3,0.6,0.6,-0.151
0.3,0.6,0.7,-0.113
0.3,0.6,0.8,-0.146
0.3,0.6,0.9,-0.156
0.3,0.6,1.0,-0.132
0.3,0.7,0.1,-0.117
0.3,0.7,0.2,-0.159
0.3,0.7,0.3,-0.142
0.3,0.7,0.4,-0.111
0.3,0.7,0.5,-0.106
0.3,0.7,0.6,-0.094
0.3,0.7,0.7,-0.144
0.3,0.7,0.8,-0.148
0.3,0.7,0.9,-0.123
0.3,0.7,1.0,-0.161
0.3,0.8,0.1,-0.131
0.3,0.8,0.2,-0.141
0.3,0.8,0.3,-0.165
0.3,0.8,0.4,-0.147
0.3,0.8,0.5,-0.123
0.3,0.8,0.6,-0.154
0.3,0.8,0.7,-0.157
0.3,0.8,0.8,-0.106
0.3,0.8,0.9,-0.149
0.3,0.8,1.0,-0.161
0.3,0.9,0.1,-0.106
0.3,0.9,0.2,-0.125
0.3,0.9,0.3,-0.143
0.3,0.9,0.4,-0.1
0.3,0.9,0.5,-0.15
0.3,0.9,0.6,-0.141
0.3,0.9,0.7,-0.152
0.3,0.9,0.8,-0.139
0.3,0.9,0.9,-0.156
0.3,0.9,1.0,-0.172
0.3,1.0,0.1,-0.064
0.3,1.0,0.2,-0.074
0.3,1.0,0.3,-0.146
0.3,1.0,0.4,-0.114
0.3,1.0,0.5,-0.154
0.3,1.0,0.6,-0.131
0.3,1.0,0.7,-0.143
0.3,1.0,0.8,-0.166
0.3,1.0,0.9,-0.197
0.3,1.0,1.0,-0.188
0.4,0.1,0.1,-0.105
0.4,0.1,0.2,-0.152
0.4,0.1,0.3,-0.104
0.4,0.1,0.4,-0.133
0.4,0.1,0.5,-0.147
0.4,0.1,0.6,-0.135
0.4,0.1,0.7,-0.114
0.4,0.1,0.8,-0.153
0.4,0.1,0.9,-0.165
0.4,0.1,1.0,-0.124
0.4,0.2,0.1,-0.088
0.4,0.2,0.2,-0.139
0.4,0.2,0.3,-0.134
0.4,0.2,0.4,-0.115
0.4,0.2,0.5,-0.097
0.4,0.2,0.6,-0.121
0.4,0.2,0.7,-0.122
0.4,0.2,0.8,-0.1
0.4,0.2,0.9,-0.108
0.4,0.2,1.0,-0.14
0.4,0.3,0.1,-0.094
0.4,0.3,0.2,-0.108
0.4,0.3,0.3,-0.141
0.4,0.3,0.4,-0.148
0.4,0.3,0.5,-0.123
0.4,0.3,0.6,-0.146
0.4,0.3,0.7,-0.066
0.4,0.3,0.8,-0.163
0.4,0.3,0.9,-0.142
0.4,0.3,1.0,-0.163
0.4,0.4,0.1,-0.057
0.4,0.4,0.2,-0.141
0.4,0.4,0.3,-0.162
0.4,0.4,0.4,-0.113
0.4,0.4,0.5,-0.153
0.4,0.4,0.6,-0.134
0.4,0.4,0.7,-0.126
0.4,0.4,0.8,-0.121
0.4,0.4,0.9,-0.136
0.4,0.4,1.0,-0.178
0.4,0.5,0.1,-0.125
0.4,0.5,0.2,-0.112
0.4,0.5,0.3,-0.081
0.4,0.5,0.4,-0.122
0.4,0.5,0.5,-0.138
0.4,0.5,0.6,-0.133
0.4,0.5,0.7,-0.183
0.4,0.5,0.8,-0.185
0.4,0.5,0.9,-0.12
0.4,0.5,1.0,-0.162
0.4,0.6,0.1,-0.121
0.4,0.6,0.2,-0.125
0.4,0.6,0.3,-0.153
0.4,0.6,0.4,-0.14
0.4,0.6,0.5,-0.104
0.4,0.6,0.6,-0.111
0.4,0.6,0.7,-0.169
0.4,0.6,0.8,-0.083
0.4,0.6,0.9,-0.154
0.4,0.6,1.0,-0.16
0.4,0.7,0.1,-0.103
0.4,0.7,0.2,-0.128
0.4,0.7,0.3,-0.142
0.4,0.7,0.4,-0.101
0.4,0.7,0.5,-0.108
0.4,0.7,0.6,-0.157
0.4,0.7,0.7,-0.136
0.4,0.7,0.8,-0.119
0.4,0.7,0.9,-0.134
0.4,0.7,1.0,-0.128
0.4,0.8,0.1,-0.138
0.4,0.8,0.2,-0.062
0.4,0.8,0.3,-0.11
0.4,0.8,0.4,-0.071
0.4,0.8,0.5,-0.109
0.4,0.8,0.6,-0.117
0.4,0.8,0.7,-0.13
0.4,0.8,0.8,-0.15
0.4,0.8,0.9,-0.154
0.4,0.8,1.0,-0.119
0.4,0.9,0.1,-0.111
0.4,0.9,0.2,-0.088
0.4,0.9,0.3,-0.123
0.4,0.9,0.4,-0.132
0.4,0.9,0.5,-0.088
0.4,0.9,0.6,-0.133
0.4,0.9,0.7,-0.114
0.4,0.9,0.8,-0.197
0.4,0.9,0.9,-0.18
0.4,0.9,1.0,-0.152
0.4,1.0,0.1,-0.138
0.4,1.0,0.2,-0.092
0.4,1.0,0.3,-0.143
0.4,1.0,0.4,-0.129
0.4,1.0,0.5,-0.151
0.4,1.0,0.6,-0.142
0.4,1.0,0.7,-0.081
0.4,1.0,0.8,-0.184
0.4,1.0,0.9,-0.12
0.4,1.0,1.0,-0.157
0.5,0.1,0.1,-0.114
0.5,0.1,0.2,-0.068
0.5,0.1,0.3,-0.175
0.5,0.1,0.4,-0.131
0.5,0.1,0.5,-0.053
0.5,0.1,0.6,-0.121
0.5,0.1,0.7,-0.126
0.5,0.1,0.8,-0.12
0.5,0.1,0.9,-0.109
0.5,0.1,1.0,-0.131
0.5,0.2,0.1,-0.141
0.5,0.2,0.2,-0.094
0.5,0.2,0.3,-0.123
0.5,0.2,0.4,-0.111
0.5,0.2,0.5,-0.184
0.5,0.2,0.6,-0.12
0.5,0.2,0.7,-0.125
0.5,0.2,0.8,-0.173
0.5,0.2,0.9,-0.1
0.5,0.2,1.0,-0.146
0.5,0.3,0.1,-0.115
0.5,0.3,0.2,-0.12
0.5,0.3,0.3,-0.089
0.5,0.3,0.4,-0.148
0.5,0.3,0.5,-0.115
0.5,0.3,0.6,-0.123
0.5,0.3,0.7,-0.16
0.5,0.3,0.8,-0.154
0.5,0.3,0.9,-0.09
0.5,0.3,1.0,-0.155
0.5,0.4,0.1,-0.123
0.5,0.4,0.2,-0.122
0.5,0.4,0.3,-0.127
0.5,0.4,0.4,-0.147
0.5,0.4,0.5,-0.131
0.5,0.4,0.6,-0.189
0.5,0.4,0.7,-0.141
0.5,0.4,0.8,-0.155
0.5,0.4,0.9,-0.143
0.5,0.4,1.0,-0.119
0.5,0.5,0.1,-0.116
0.5,0.5,0.2,-0.049
0.5,0.5,0.3,-0.118
0.5,0.5,0.4,-0.167
0.5,0.5,0.5,-0.152
0.5,0.5,0.6,-0.167
0.5,0.5,0.7,-0.149
0.5,0.5,0.8,-0.122
0.5,0.5,0.9,-0.147
0.5,0.5,1.0,-0.202
0.5,0.6,0.1,-0.145
0.5,0.6,0.2,-0.135
0.5,0.6,0.3,-0.128
0.5,0.6,0.4,-0.131
0.5,0.6,0.5,-0.139
0.5,0.6,0.6,-0.114
0.5,0.6,0.7,-0.137
0.5,0.6,0.8,-0.203
0.5,0.6,0.9,-0.105
0.5,0.6,1.0,-0.169
0.5,0.7,0.1,-0.124
0.5,0.7,0.2,-0.163
0.5,0.7,0.3,-0.121
0.5,0.7,0.4,-0.154
0.5,0.7,0.5,-0.154
0.5,0.7,0.6,-0.185
0.5,0.7,0.7,-0.138
0.5,0.7,0.8,-0.216
0.5,0.7,0.9,-0.124
0.5,0.7,1.0,-0.204
0.5,0.8,0.1,-0.141
0.5,0.8,0.2,-0.115
0.5,0.8,0.3,-0.171
0.5,0.8,0.4,-0.18
0.5,0.8,0.5,-0.099
0.5,0.8,0.6,-0.118
0.5,0.8,0.7,-0.154
0.5,0.8,0.8,-0.153
0.5,0.8,0.9,-0.131
0.5,0.8,1.0,-0.114
0.5,0.9,0.1,-0.137
0.5,0.9,0.2,-0.114
0.5,0.9,0.3,-0.104
0.5,0.9,0.4,-0.166
0.5,0.9,0.5,-0.138
0.5,0.9,0.6,-0.104
0.5,0.9,0.7,-0.146
0.5,0.9,0.8,-0.136
0.5,0.9,0.9,-0.123
0.5,0.9,1.0,-0.114
0.5,1.0,0.1,-0.127
0.5,1.0,0.2,-0.131
0.5,1.0,0.3,-0.104
0.5,1.0,0.4,-0.181
0.5,1.0,0.5,-0.113
0.5,1.0,0.6,-0.125
0.5,1.0,0.7,-0.134
0.5,1.0,0.8,-0.168
0.5,1.0,0.9,-0.157
0.5,1.0,1.0,-0.148
0.6,0.1,0.1,-0.143
0.6,0.1,0.2,-0.096
0.6,0.1,0.3,-0.109
0.6,0.1,0.4,-0.133
0.6,0.1,0.5,-0.149
0.6,0.1,0.6,-0.129
0.6,0.1,0.7,-0.183
0.6,0.1,0.8,-0.143
0.6,0.1,0.9,-0.121
0.6,0.1,1.0,-0.122
0.6,0.2,0.1,-0.047
0.6,0.2,0.2,-0.122
0.6,0.2,0.3,-0.175
0.6,0.2,0.4,-0.144
0.6,0.2,0.5,-0.123
0.6,0.2,0.6,-0.11
0.6,0.2,0.7,-0.179
0.6,0.2,0.8,-0.15
0.6,0.2,0.9,-0.194
0.6,0.2,1.0,-0.158
0.6,0.3,0.1,-0.091
0.6,0.3,0.2,-0.13
0.6,0.3,0.3,-0.169
0.6,0.3,0.4,-0.123
0.6,0.3,0.5,-0.134
0.6,0.3,0.6,-0.149
0.6,0.3,0.7,-0.099
0.6,0.3,0.8,-0.118
0.6,0.3,0.9,-0.164
0.6,0.3,1.0,-0.207
0.6,0.4,0.1,-0.104
0.6,0.4,0.2,-0.11
0.6,0.4,0.3,-0.129
0.6,0.4,0.4,-0.108
0.6,0.4,0.5,-0.143
0.6,0.4,0.6,-0.185
0.6,0.4,0.7,-0.106
0.6,0.4,0.8,-0.128
0.6,0.4,0.9,-0.17
0.6,0.4,1.0,-0.168
0.6,0.5,0.1,-0.102
0.6,0.5,0.2,-0.104
0.6,0.5,0.3,-0.156
0.6,0.5,0.4,-0.126
0.6,0.5,0.5,-0.119
0.6,0.5,0.6,-0.099
0.6,0.5,0.7,-0.172
0.6,0.5,0.8,-0.162
0.6,0.5,0.9,-0.209
0.6,0.5,1.0,-0.145
0.6,0.6,0.1,-0.199
0.6,0.6,0.2,-0.146
0.6,0.6,0.3,-0.184
0.6,0.6,0.4,-0.128
0.6,0.6,0.5,-0.189
0.6,0.6,0.6,-0.115
0.6,0.6,0.7,-0.137
0.6,0.6,0.8,-0.134
0.6,0.6,0.9,-0.176
0.6,0.6,1.0,-0.188
0.6,0.7,0.1,-0.152
0.6,0.7,0.2,-0.096
0.6,0.7,0.3,-0.126
0.6,0.7,0.4,-0.078
0.6,0.7,0.5,-0.163
0.6,0.7,0.6,-0.097
0.6,0.7,0.7,-0.082
0.6,0.7,0.8,-0.093
0.6,0.7,0.9,-0.175
0.6,0.7,1.0,-0.109
0.6,0.8,0.1,-0.152
0.6,0.8,0.2,-0.139
0.6,0.8,0.3,-0.141
0.6,0.8,0.4,-0.13
0.6,0.8,0.5,-0.105
0.6,0.8,0.6,-0.108
0.6,0.8,0.7,-0.144
0.6,0.8,0.8,-0.104
0.6,0.8,0.9,-0.084
0.6,0.8,1.0,-0.127
0.6,0.9,0.1,-0.178
0.6,0.9,0.2,-0.125
0.6,0.9,0.3,-0.114
0.6,0.9,0.4,-0.09
0.6,0.9,0.5,-0.14
0.6,0.9,0.6,-0.114
0.6,0.9,0.7,-0.118
0.6,0.9,0.8,-0.092
0.6,0.9,0.9,-0.088
0.6,0.9,1.0,-0.126
0.6,1.0,0.1,-0.114
0.6,1.0,0.2,-0.121
0.6,1.0,0.3,-0.097
0.6,1.0,0.4,-0.214
0.6,1.0,0.5,-0.108
0.6,1.0,0.6,-0.153
0.6,1.0,0.7,-0.119
0.6,1.0,0.8,-0.14
0.6,1.0,0.9,-0.165
0.6,1.0,1.0,-0.184
0.7,0.1,0.1,-0.133
0.7,0.1,0.2,-0.098
0.7,0.1,0.3,-0.154
0.7,0.1,0.4,-0.109
0.7,0.1,0.5,-0.066
0.7,0.1,0.6,-0.11
0.7,0.1,0.7,-0.16
0.7,0.1,0.8,-0.132
0.7,0.1,0.9,-0.103
0.7,0.1,1.0,-0.158
0.7,0.2,0.1,-0.114
0.7,0.2,0.2,-0.19
0.7,0.2,0.3,-0.1
0.7,0.2,0.4,-0.081
0.7,0.2,0.5,-0.147
0.7,0.2,0.6,-0.144
0.7,0.2,0.7,-0.178
0.7,0.2,0.8,-0.149
0.7,0.2,0.9,-0.189
0.7,0.2,1.0,-0.168
0.7,0.3,0.1,-0.143
0.7,0.3,0.2,-0.038
0.7,0.3,0.3,-0.131
0.7,0.3,0.4,-0.169
0.7,0.3,0.5,-0.127
0.7,0.3,0.6,-0.106
0.7,0.3,0.7,-0.146
0.7,0.3,0.8,-0.173
0.7,0.3,0.9,-0.175
0.7,0.3,1.0,-0.165
0.7,0.4,0.1,-0.108
0.7,0.4,0.2,-0.123
0.7,0.4,0.3,-0.116
0.7,0.4,0.4,-0.195
0.7,0.4,0.5,-0.128
0.7,0.4,0.6,-0.145
0.7,0.4,0.7,-0.151
0.7,0.4,0.8,-0.134
0.7,0.4,0.9,-0.153
0.7,0.4,1.0,-0.229
0.7,0.5,0.1,-0.127
0.7,0.5,0.2,-0.146
0.7,0.5,0.3,-0.171
0.7,0.5,0.4,-0.123
0.7,0.5,0.5,-0.13
0.7,0.5,0.6,-0.127
0.7,0.5,0.7,-0.122
0.7,0.5,0.8,-0.133
0.7,0.5,0.9,-0.181
0.7,0.5,1.0,-0.15
0.7,0.6,0.1,-0.073
0.7,0.6,0.2,-0.098
0.7,0.6,0.3,-0.091
0.7,0.6,0.4,-0.179
0.7,0.6,0.5,-0.138
0.7,0.6,0.6,-0.163
0.7,0.6,0.7,-0.182
0.7,0.6,0.8,-0.159
0.7,0.6,0.9,-0.153
0.7,0.6,1.0,-0.131
0.7,0.7,0.1,-0.149
0.7,0.7,0.2,-0.092
0.7,0.7,0.3,-0.14
0.7,0.7,0.4,-0.154
0.7,0.7,0.5,-0.079
0.7,0.7,0.6,-0.134
0.7,0.7,0.7,-0.156
0.7,0.7,0.8,-0.157
0.7,0.7,0.9,-0.098
0.7,0.7,1.0,-0.156
0.7,0.8,0.1,-0.102
0.7,0.8,0.2,-0.074
0.7,0.8,0.3,-0.135
0.7,0.8,0.4,-0.152
0.7,0.8,0.5,-0.089
0.7,0.8,0.6,-0.128
0.7,0.8,0.7,-0.143
0.7,0.8,0.8,-0.131
0.7,0.8,0.9,-0.137
0.7,0.8,1.0,-0.11
0.7,0.9,0.1,-0.111
0.7,0.9,0.2,-0.057
0.7,0.9,0.3,-0.151
0.7,0.9,0.4,-0.13
0.7,0.9,0.5,-0.175
0.7,0.9,0.6,-0.121
0.7,0.9,0.7,-0.156
0.7,0.9,0.8,-0.125
0.7,0.9,0.9,-0.166
0.7,0.9,1.0,-0.153
0.7,1.0,0.1,-0.159
0.7,1.0,0.2,-0.101
0.7,1.0,0.3,-0.126
0.7,1.0,0.4,-0.172
0.7,1.0,0.5,-0.132
0.7,1.0,0.6,-0.122
0.7,1.0,0.7,-0.122
0.7,1.0,0.8,-0.146
0.7,1.0,0.9,-0.114
0.7,1.0,1.0,-0.131
0.8,0.1,0.1,-0.102
0.8,0.1,0.2,-0.146
0.8,0.1,0.3,-0.125
0.8,0.1,0.4,-0.102
0.8,0.1,0.5,-0.147
0.8,0.1,0.6,-0.097
0.8,0.1,0.7,-0.176
0.8,0.1,0.8,-0.139
0.8,0.1,0.9,-0.136
0.8,0.1,1.0,-0.11
0.8,0.2,0.1,-0.167
0.8,0.2,0.2,-0.133
0.8,0.2,0.3,-0.108
0.8,0.2,0.4,-0.071
0.8,0.2,0.5,-0.103
0.8,0.2,0.6,-0.05
0.8,0.2,0.7,-0.144
0.8,0.2,0.8,-0.163
0.8,0.2,0.9,-0.201
0.8,0.2,1.0,-0.108
0.8,0.3,0.1,-0.113
0.8,0.3,0.2,-0.133
0.8,0.3,0.3,-0.111
0.8,0.3,0.4,-0.105
0.8,0.3,0.5,-0.136
0.8,0.3,0.6,-0.122
0.8,0.3,0.7,-0.086
0.8,0.3,0.8,-0.116
0.8,0.3,0.9,-0.129
0.8,0.3,1.0,-0.164
0.8,0.4,0.1,-0.093
0.8,0.4,0.2,-0.179
0.8,0.4,0.3,-0.079
0.8,0.4,0.4,-0.117
0.8,0.4,0.5,-0.166
0.8,0.4,0.6,-0.163
0.8,0.4,0.7,-0.144
0.8,0.4,0.8,-0.119
0.8,0.4,0.9,-0.172
0.8,0.4,1.0,-0.155
0.8,0.5,0.1,-0.133
0.8,0.5,0.2,-0.122
0.8,0.5,0.3,-0.085
0.8,0.5,0.4,-0.154
0.8,0.5,0.5,-0.096
0.8,0.5,0.6,-0.124
0.8,0.5,0.7,-0.163
0.8,0.5,0.8,-0.201
0.8,0.5,0.9,-0.088
0.8,0.5,1.0,-0.181
0.8,0.6,0.1,-0.138
0.8,0.6,0.2,-0.131
0.8,0.6,0.3,-0.145
0.8,0.6,0.4,-0.176
0.8,0.6,0.5,-0.139
0.8,0.6,0.6,-0.144
0.8,0.6,0.7,-0.1
0.8,0.6,0.8,-0.145
0.8,0.6,0.9,-0.106
0.8,0.6,1.0,-0.137
0.8,0.7,0.1,-0.093
0.8,0.7,0.2,-0.151
0.8,0.7,0.3,-0.107
0.8,0.7,0.4,-0.201
0.8,0.7,0.5,-0.12
0.8,0.7,0.6,-0.147
0.8,0.7,0.7,-0.099
0.8,0.7,0.8,-0.146
0.8,0.7,0.9,-0.149
0.8,0.7,1.0,-0.132
0.8,0.8,0.1,-0.15
0.8,0.8,0.2,-0.141
0.8,0.8,0.3,-0.162
0.8,0.8,0.4,-0.158
0.8,0.8,0.5,-0.088
0.8,0.8,0.6,-0.132
0.8,0.8,0.7,-0.147
0.8,0.8,0.8,-0.109
0.8,0.8,0.9,-0.154
0.8,0.8,1.0,-0.156
0.8,0.9,0.1,-0.139
0.8,0.9,0.2,-0.077
0.8,0.9,0.3,-0.15
0.8,0.9,0.4,-0.124
0.8,0.9,0.5,-0.13
0.8,0.9,0.6,-0.132
0.8,0.9,0.7,-0.158
0.8,0.9,0.8,-0.115
0.8,0.9,0.9,-0.182
0.8,0.9,1.0,-0.154
0.8,1.0,0.1,-0.156
0.8,1.0,0.2,-0.125
0.8,1.0,0.3,-0.146
0.8,1.0,0.4,-0.135
0.8,1.0,0.5,-0.159
0.8,1.0,0.6,-0.095
0.8,1.0,0.7,-0.168
0.8,1.0,0.8,-0.118
0.8,1.0,0.9,-0.176
0.8,1.0,1.0,-0.138
0.9,0.1,0.1,-0.098
0.9,0.1,0.2,-0.156
0.9,0.1,0.3,-0.144
0.9,0.1,0.4,-0.083
0.9,0.1,0.5,-0.111
0.9,0.1,0.6,-0.145
0.9,0.1,0.7,-0.113
0.9,0.1,0.8,-0.101
0.9,0.1,0.9,-0.181
0.9,0.1,1.0,-0.17
0.9,0.2,0.1,-0.144
0.9,0.2,0.2,-0.104
0.9,0.2,0.3,-0.132
0.9,0.2,0.4,-0.139
0.9,0.2,0.5,-0.138
0.9,0.2,0.6,-0.123
0.9,0.2,0.7,-0.094
0.9,0.2,0.8,-0.213
0.9,0.2,0.9,-0.12
0.9,0.2,1.0,-0.139
0.9,0.3,0.1,-0.059
0.9,0.3,0.2,-0.106
0.9,0.3,0.3,-0.162
0.9,0.3,0.4,-0.152
0.9,0.3,0.5,-0.143
0.9,0.3,0.6,-0.103
0.9,0.3,0.7,-0.084
0.9,0.3,0.8,-0.117
0.9,0.3,0.9,-0.149
0.9,0.3,1.0,-0.162
0.9,0.4,0.1,-0.129
0.9,0.4,0.2,-0.128
0.9,0.4,0.3,-0.143
0.9,0.4,0.4,-0.103
0.9,0.4,0.5,-0.178
0.9,0.4,0.6,-0.105
0.9,0.4,0.7,-0.13
0.9,0.4,0.8,-0.103
0.9,0.4,0.9,-0.112
0.9,0.4,1.0,-0.169
0.9,0.5,0.1,-0.178
0.9,0.5,0.2,-0.134
0.9,0.5,0.3,-0.1
0.9,0.5,0.4,-0.109
0.9,0.5,0.5,-0.166
0.9,0.5,0.6,-0.149
0.9,0.5,0.7,-0.127
0.9,0.5,0.8,-0.104
0.9,0.5,0.9,-0.124
0.9,0.5,1.0,-0.146
0.9,0.6,0.1,-0.138
0.9,0.6,0.2,-0.068
0.9,0.6,0.3,-0.149
0.9,0.6,0.4,-0.1
0.9,0.6,0.5,-0.16
0.9,0.6,0.6,-0.165
0.9,0.6,0.7,-0.067
0.9,0.6,0.8,-0.12
0.9,0.6,0.9,-0.148
0.9,0.6,1.0,-0.206
0.9,0.7,0.1,-0.114
0.9,0.7,0.2,-0.111
0.9,0.7,0.3,-0.146
0.9,0.7,0.4,-0.145
0.9,0.7,0.5,-0.114
0.9,0.7,0.6,-0.127
0.9,0.7,0.7,-0.145
0.9,0.7,0.8,-0.169
0.9,0.7,0.9,-0.165
0.9,0.7,1.0,-0.132
0.9,0.8,0.1,-0.156
0.9,0.8,0.2,-0.113
0.9,0.8,0.3,-0.086
0.9,0.8,0.4,-0.167
0.9,0.8,0.5,-0.167
0.9,0.8,0.6,-0.072
0.9,0.8,0.7,-0.119
0.9,0.8,0.8,-0.113
0.9,0.8,0.9,-0.095
0.9,0.8,1.0,-0.163
0.9,0.9,0.1,-0.099
0.9,0.9,0.2,-0.05
0.9,0.9,0.3,-0.11
0.9,0.9,0.4,-0.119
0.9,0.9,0.5,-0.109
0.9,0.9,0.6,-0.129
0.9,0.9,0.7,-0.119
0.9,0.9,0.8,-0.11
0.9,0.9,0.9,-0.151
0.9,0.9,1.0,-0.148
0.9,1.0,0.1,-0.11
0.9,1.0,0.2,-0.157
0.9,1.0,0.3,-0.116
0.9,1.0,0.4,-0.103
0.9,1.0,0.5,-0.108
0.9,1.0,0.6,-0.159
0.9,1.0,0.7,-0.181
0.9,1.0,0.8,-0.156
0.9,1.0,0.9,-0.192
0.9,1.0,1.0,-0.139
1.0,0.1,0.1,-0.077
1.0,0.1,0.2,-0.176
1.0,0.1,0.3,-0.107
1.0,0.1,0.4,-0.126
1.0,0.1,0.5,-0.151
1.0,0.1,0.6,-0.144
1.0,0.1,0.7,-0.132
1.0,0.1,0.8,-0.098
1.0,0.1,0.9,-0.18
1.0,0.1,1.0,-0.18
1.0,0.2,0.1,-0.115
1.0,0.2,0.2,-0.15
1.0,0.2,0.3,-0.126
1.0,0.2,0.4,-0.151
1.0,0.2,0.5,-0.13
1.0,0.2,0.6,-0.16
1.0,0.2,0.7,-0.151
1.0,0.2,0.8,-0.145
1.0,0.2,0.9,-0.089
1.0,0.2,1.0,-0.147
1.0,0.3,0.1,-0.093
1.0,0.3,0.2,-0.08
1.0,0.3,0.3,-0.138
1.0,0.3,0.4,-0.128
1.0,0.3,0.5,-0.15
1.0,0.3,0.6,-0.123
1.0,0.3,0.7,-0.179
1.0,0.3,0.8,-0.141
1.0,0.3,0.9,-0.189
1.0,0.3,1.0,-0.123
1.0,0.4,0.1,-0.139
1.0,0.4,0.2,-0.066
1.0,0.4,0.3,-0.123
1.0,0.4,0.4,-0.079
1.0,0.4,0.5,-0.1
1.0,0.4,0.6,-0.11
1.0,0.4,0.7,-0.123
1.0,0.4,0.8,-0.187
1.0,0.4,0.9,-0.148
1.0,0.4,1.0,-0.146
1.0,0.5,0.1,-0.141
1.0,0.5,0.2,-0.058
1.0,0.5,0.3,-0.174
1.0,0.5,0.4,-0.15
1.0,0.5,0.5,-0.101
1.0,0.5,0.6,-0.128
1.0,0.5,0.7,-0.18
1.0,0.5,0.8,-0.104
1.0,0.5,0.9,-0.135
1.0,0.5,1.0,-0.134
1.0,0.6,0.1,-0.152
1.0,0.6,0.2,-0.124
1.0,0.6,0.3,-0.112
1.0,0.6,0.4,-0.12
1.0,0.6,0.5,-0.171
1.0,0.6,0.6,-0.168
1.0,0.6,0.7,-0.107
1.0,0.6,0.8,-0.152
1.0,0.6,0.9,-0.142
1.0,0.6,1.0,-0.16
1.0,0.7,0.1,-0.111
1.0,0.7,0.2,-0.075
1.0,0.7,0.3,-0.146
1.0,0.7,0.4,-0.136
1.0,0.7,0.5,-0.111
1.0,0.7,0.6,-0.123
1.0,0.7,0.7,-0.119
1.0,0.7,0.8,-0.19
1.0,0.7,0.9,-0.124
1.0,0.7,1.0,-0.147
1.0,0.8,0.1,-0.129
1.0,0.8,0.2,-0.083
1.0,0.8,0.3,-0.099
1.0,0.8,0.4,-0.153
1.0,0.8,0.5,-0.145
1.0,0.8,0.6,-0.145
1.0,0.8,0.7,-0.142
1.0,0.8,0.8,-0.154
1.0,0.8,0.9,-0.117
1.0,0.8,1.0,-0.121
1.0,0.9,0.1,-0.117
1.0,0.9,0.2,-0.095
1.0,0.9,0.3,-0.073
1.0,0.9,0.4,-0.09
1.0,0.9,0.5,-0.073
1.0,0.9,0.6,-0.113
1.0,0.9,0.7,-0.107
1.0,0.9,0.8,-0.151
1.0,0.9,0.9,-0.189
1.0,0.9,1.0,-0.171
1.0,1.0,0.1,-0.135
1.0,1.0,0.2,-0.146
1.0,1.0,0.3,-0.104
1.0,1.0,0.4,-0.123
1.0,1.0,0.5,-0.154
1.0,1.0,0.6,-0.161
1.0,1.0,0.7,-0.107
1.0,1.0,0.8,-0.129
1.0,1.0,0.9,-0.141
1.0,1.0,1.0,-0.165
Alpha,Gamma,Epsilon,Average Reward
0.1,0.1,0.1,-0.1216
0.1,0.1,0.2,-0.1164
0.1,0.1,0.3,-0.1191
0.1,0.1,0.4,-0.1245
0.1,0.1,0.5,-0.1162
0.1,0.1,0.6,-0.119
0.1,0.1,0.7,-0.1281
0.1,0.1,0.8,-0.098
0.1,0.1,0.9,-0.1342
0.1,0.1,1.0,-0.12
0.1,0.2,0.1,-0.118
0.1,0.2,0.2,-0.1151
0.1,0.2,0.3,-0.1346
0.1,0.2,0.4,-0.0997
0.1,0.2,0.5,-0.1163
0.1,0.2,0.6,-0.1281
0.1,0.2,0.7,-0.1155
0.1,0.2,0.8,-0.1223
0.1,0.2,0.9,-0.1202
0.1,0.2,1.0,-0.1171
0.1,0.3,0.1,-0.1089
0.1,0.3,0.2,-0.0988
0.1,0.3,0.3,-0.1123
0.1,0.3,0.4,-0.1156
0.1,0.3,0.5,-0.1358
0.1,0.3,0.6,-0.1223
0.1,0.3,0.7,-0.1319
0.1,0.3,0.8,-0.1245
0.1,0.3,0.9,-0.1273
0.1,0.3,1.0,-0.1296
0.1,0.4,0.1,-0.1383
0.1,0.4,0.2,-0.1202
0.1,0.4,0.3,-0.1202
0.1,0.4,0.4,-0.1239
0.1,0.4,0.5,-0.1364
0.1,0.4,0.6,-0.122
0.1,0.4,0.7,-0.1411
0.1,0.4,0.8,-0.1287
0.1,0.4,0.9,-0.1201
0.1,0.4,1.0,-0.1277
0.1,0.5,0.1,-0.1127
0.1,0.5,0.2,-0.1371
0.1,0.5,0.3,-0.1268
0.1,0.5,0.4,-0.1172
0.1,0.5,0.5,-0.1226
0.1,0.5,0.6,-0.1313
0.1,0.5,0.7,-0.1152
0.1,0.5,0.8,-0.1375
0.1,0.5,0.9,-0.1282
0.1,0.5,1.0,-0.1285
0.1,0.6,0.1,-0.1139
0.1,0.6,0.2,-0.1246
0.1,0.6,0.3,-0.1185
0.1,0.6,0.4,-0.1248
0.1,0.6,0.5,-0.1181
0.1,0.6,0.6,-0.129
0.1,0.6,0.7,-0.1204
0.1,0.6,0.8,-0.1443
0.1,0.6,0.9,-0.1066
0.1,0.6,1.0,-0.1192
0.1,0.7,0.1,-0.1483
0.1,0.7,0.2,-0.1071
0.1,0.7,0.3,-0.1018
0.1,0.7,0.4,-0.1072
0.1,0.7,0.5,-0.1185
0.1,0.7,0.6,-0.111
0.1,0.7,0.7,-0.128
0.1,0.7,0.8,-0.116
0.1,0.7,0.9,-0.1152
0.1,0.7,1.0,-0.1153
0.1,0.8,0.1,-0.0944
0.1,0.8,0.2,-0.1161
0.1,0.8,0.3,-0.1034
0.1,0.8,0.4,-0.1318
0.1,0.8,0.5,-0.1295
0.1,0.8,0.6,-0.1249
0.1,0.8,0.7,-0.1187
0.1,0.8,0.8,-0.1338
0.1,0.8,0.9,-0.118
0.1,0.8,1.0,-0.1367
0.1,0.9,0.1,-0.1063
0.1,0.9,0.2,-0.1054
0.1,0.9,0.3,-0.1185
0.1,0.9,0.4,-0.1174
0.1,0.9,0.5,-0.1167
0.1,0.9,0.6,-0.1196
0.1,0.9,0.7,-0.1335
0.1,0.9,0.8,-0.1168
0.1,0.9,0.9,-0.1375
0.1,0.9,1.0,-0.1111
0.1,1.0,0.1,-0.1165
0.1,1.0,0.2,-0.1127
0.1,1.0,0.3,-0.1086
0.1,1.0,0.4,-0.1192
0.1,1.0,0.5,-0.1103
0.1,1.0,0.6,-0.127
0.1,1.0,0.7,-0.1084
0.1,1.0,0.8,-0.1258
0.1,1.0,0.9,-0.1224
0.1,1.0,1.0,-0.1355
0.2,0.1,0.1,-0.1263
0.2,0.1,0.2,-0.1406
0.2,0.1,0.3,-0.1309
0.2,0.1,0.4,-0.1138
0.2,0.1,0.5,-0.1126
0.2,0.1,0.6,-0.1104
0.2,0.1,0.7,-0.1219
0.2,0.1,0.8,-0.1187
0.2,0.1,0.9,-0.1232
0.2,0.1,1.0,-0.1247
0.2,0.2,0.1,-0.1171
0.2,0.2,0.2,-0.121
0.2,0.2,0.3,-0.1022
0.2,0.2,0.4,-0.1295
0.2,0.2,0.5,-0.1304
0.2,0.2,0.6,-0.1202
0.2,0.2,0.7,-0.1244
0.2,0.2,0.8,-0.1139
0.2,0.2,0.9,-0.1431
0.2,0.2,1.0,-0.1274
0.2,0.3,0.1,-0.1139
0.2,0.3,0.2,-0.1191
0.2,0.3,0.3,-0.1311
0.2,0.3,0.4,-0.1203
0.2,0.3,0.5,-0.1353
0.2,0.3,0.6,-0.1255
0.2,0.3,0.7,-0.1127
0.2,0.3,0.8,-0.1173
0.2,0.3,0.9,-0.129
0.2,0.3,1.0,-0.1075
0.2,0.4,0.1,-0.131
0.2,0.4,0.2,-0.1309
0.2,0.4,0.3,-0.1303
0.2,0.4,0.4,-0.1292
0.2,0.4,0.5,-0.1303
0.2,0.4,0.6,-0.1239
0.2,0.4,0.7,-0.1175
0.2,0.4,0.8,-0.1415
0.2,0.4,0.9,-0.1251
0.2,0.4,1.0,-0.121
0.2,0.5,0.1,-0.1201
0.2,0.5,0.2,-0.1305
0.2,0.5,0.3,-0.1216
0.2,0.5,0.4,-0.1171
0.2,0.5,0.5,-0.1237
0.2,0.5,0.6,-0.1076
0.2,0.5,0.7,-0.1261
0.2,0.5,0.8,-0.1176
0.2,0.5,0.9,-0.1249
0.2,0.5,1.0,-0.1181
0.2,0.6,0.1,-0.1165
0.2,0.6,0.2,-0.1142
0.2,0.6,0.3,-0.1168
0.2,0.6,0.4,-0.1108
0.2,0.6,0.5,-0.1303
0.2,0.6,0.6,-0.1305
0.2,0.6,0.7,-0.1341
0.2,0.6,0.8,-0.1222
0.2,0.6,0.9,-0.1293
0.2,0.6,1.0,-0.1292
0.2,0.7,0.1,-0.0987
0.2,0.7,0.2,-0.1319
0.2,0.7,0.3,-0.1329
0.2,0.7,0.4,-0.1123
0.2,0.7,0.5,-0.1209
0.2,0.7,0.6,-0.1063
0.2,0.7,0.7,-0.129
0.2,0.7,0.8,-0.1141
0.2,0.7,0.9,-0.1208
0.2,0.7,1.0,-0.1172
0.2,0.8,0.1,-0.1208
0.2,0.8,0.2,-0.126
0.2,0.8,0.3,-0.1091
0.2,0.8,0.4,-0.1332
0.2,0.8,0.5,-0.1152
0.2,0.8,0.6,-0.1042
0.2,0.8,0.7,-0.1211
0.2,0.8,0.8,-0.1218
0.2,0.8,0.9,-0.1042
0.2,0.8,1.0,-0.1277
0.2,0.9,0.1,-0.1151
0.2,0.9,0.2,-0.1273
0.2,0.9,0.3,-0.1128
0.2,0.9,0.4,-0.1119
0.2,0.9,0.5,-0.1069
0.2,0.9,0.6,-0.1025
0.2,0.9,0.7,-0.1199
0.2,0.9,0.8,-0.108
0.2,0.9,0.9,-0.1396
0.2,0.9,1.0,-0.1368
0.2,1.0,0.1,-0.1166
0.2,1.0,0.2,-0.123
0.2,1.0,0.3,-0.1239
0.2,1.0,0.4,-0.1362
0.2,1.0,0.5,-0.1128
0.2,1.0,0.6,-0.1251
0.2,1.0,0.7,-0.1167
0.2,1.0,0.8,-0.1263
0.2,1.0,0.9,-0.1308
0.2,1.0,1.0,-0.1105
0.3,0.1,0.1,-0.1104
0.3,0.1,0.2,-0.1128
0.3,0.1,0.3,-0.1346
0.3,0.1,0.4,-0.1276
0.3,0.1,0.5,-0.1239
0.3,0.1,0.6,-0.1401
0.3,0.1,0.7,-0.1199
0.3,0.1,0.8,-0.1164
0.3,0.1,0.9,-0.1299
0.3,0.1,1.0,-0.1258
0.3,0.2,0.1,-0.1271
0.3,0.2,0.2,-0.119
0.3,0.2,0.3,-0.1161
0.3,0.2,0.4,-0.1092
0.3,0.2,0.5,-0.1222
0.3,0.2,0.6,-0.1088
0.3,0.2,0.7,-0.1255
0.3,0.2,0.8,-0.1252
0.3,0.2,0.9,-0.1348
0.3,0.2,1.0,-0.1315
0.3,0.3,0.1,-0.1358
0.3,0.3,0.2,-0.1003
0.3,0.3,0.3,-0.1176
0.3,0.3,0.4,-0.1085
0.3,0.3,0.5,-0.1123
0.3,0.3,0.6,-0.1359
0.3,0.3,0.7,-0.1245
0.3,0.3,0.8,-0.116
0.3,0.3,0.9,-0.1224
0.3,0.3,1.0,-0.1225
0.3,0.4,0.1,-0.1253
0.3,0.4,0.2,-0.1042
0.3,0.4,0.3,-0.1046
0.3,0.4,0.4,-0.1139
0.3,0.4,0.5,-0.1166
0.3,0.4,0.6,-0.1118
0.3,0.4,0.7,-0.1159
0.3,0.4,0.8,-0.1315
0.3,0.4,0.9,-0.1205
0.3,0.4,1.0,-0.1126
0.3,0.5,0.1,-0.1362
0.3,0.5,0.2,-0.1106
0.3,0.5,0.3,-0.1278
0.3,0.5,0.4,-0.1113
0.3,0.5,0.5,-0.1168
0.3,0.5,0.6,-0.1233
0.3,0.5,0.7,-0.1163
0.3,0.5,0.8,-0.1323
0.3,0.5,0.9,-0.1299
0.3,0.5,1.0,-0.1247
0.3,0.6,0.1,-0.1186
0.3,0.6,0.2,-0.107
0.3,0.6,0.3,-0.1224
0.3,0.6,0.4,-0.1057
0.3,0.6,0.5,-0.1215
0.3,0.6,0.6,-0.1104
0.3,0.6,0.7,-0.112
0.3,0.6,0.8,-0.1194
0.3,0.6,0.9,-0.1197
0.3,0.6,1.0,-0.1249
0.3,0.7,0.1,-0.1216
0.3,0.7,0.2,-0.1333
0.3,0.7,0.3,-0.0984
0.3,0.7,0.4,-0.1133
0.3,0.7,0.5,-0.1271
0.3,0.7,0.6,-0.1156
0.3,0.7,0.7,-0.1222
0.3,0.7,0.8,-0.1341
0.3,0.7,0.9,-0.1266
0.3,0.7,1.0,-0.1309
0.3,0.8,0.1,-0.1243
0.3,0.8,0.2,-0.1382
0.3,0.8,0.3,-0.1215
0.3,0.8,0.4,-0.1046
0.3,0.8,0.5,-0.134
0.3,0.8,0.6,-0.1084
0.3,0.8,0.7,-0.1439
0.3,0.8,0.8,-0.1208
0.3,0.8,0.9,-0.1199
0.3,0.8,1.0,-0.128
0.3,0.9,0.1,-0.112
0.3,0.9,0.2,-0.132
0.3,0.9,0.3,-0.0983
0.3,0.9,0.4,-0.1176
0.3,0.9,0.5,-0.1241
0.3,0.9,0.6,-0.0951
0.3,0.9,0.7,-0.1132
0.3,0.9,0.8,-0.1217
0.3,0.9,0.9,-0.1254
0.3,0.9,1.0,-0.1216
0.3,1.0,0.1,-0.1154
0.3,1.0,0.2,-0.1306
0.3,1.0,0.3,-0.123
0.3,1.0,0.4,-0.1195
0.3,1.0,0.5,-0.1088
0.3,1.0,0.6,-0.1228
0.3,1.0,0.7,-0.1325
0.3,1.0,0.8,-0.1149
0.3,1.0,0.9,-0.1107
0.3,1.0,1.0,-0.1301
0.4,0.1,0.1,-0.1177
0.4,0.1,0.2,-0.1187
0.4,0.1,0.3,-0.1206
0.4,0.1,0.4,-0.1316
0.4,0.1,0.5,-0.1236
0.4,0.1,0.6,-0.118
0.4,0.1,0.7,-0.1075
0.4,0.1,0.8,-0.1324
0.4,0.1,0.9,-0.111
0.4,0.1,1.0,-0.1209
0.4,0.2,0.1,-0.1114
0.4,0.2,0.2,-0.1094
0.4,0.2,0.3,-0.1148
0.4,0.2,0.4,-0.1198
0.4,0.2,0.5,-0.1037
0.4,0.2,0.6,-0.1309
0.4,0.2,0.7,-0.1198
0.4,0.2,0.8,-0.1175
0.4,0.2,0.9,-0.1308
0.4,0.2,1.0,-0.13
0.4,0.3,0.1,-0.116
0.4,0.3,0.2,-0.1212
0.4,0.3,0.3,-0.1071
0.4,0.3,0.4,-0.1278
0.4,0.3,0.5,-0.1204
0.4,0.3,0.6,-0.1287
0.4,0.3,0.7,-0.107
0.4,0.3,0.8,-0.1136
0.4,0.3,0.9,-0.1063
0.4,0.3,1.0,-0.1032
0.4,0.4,0.1,-0.1184
0.4,0.4,0.2,-0.1295
0.4,0.4,0.3,-0.118
0.4,0.4,0.4,-0.1227
0.4,0.4,0.5,-0.1236
0.4,0.4,0.6,-0.1174
0.4,0.4,0.7,-0.1341
0.4,0.4,0.8,-0.1386
0.4,0.4,0.9,-0.1191
0.4,0.4,1.0,-0.1358
0.4,0.5,0.1,-0.111
0.4,0.5,0.2,-0.1117
0.4,0.5,0.3,-0.1279
0.4,0.5,0.4,-0.1213
0.4,0.5,0.5,-0.1063
0.4,0.5,0.6,-0.1192
0.4,0.5,0.7,-0.1058
0.4,0.5,0.8,-0.1232
0.4,0.5,0.9,-0.1094
0.4,0.5,1.0,-0.1067
0.4,0.6,0.1,-0.1235
0.4,0.6,0.2,-0.1029
0.4,0.6,0.3,-0.1154
0.4,0.6,0.4,-0.1244
0.4,0.6,0.5,-0.1265
0.4,0.6,0.6,-0.0961
0.4,0.6,0.7,-0.1137
0.4,0.6,0.8,-0.1178
0.4,0.6,0.9,-0.1425
0.4,0.6,1.0,-0.1156
0.4,0.7,0.1,-0.1169
0.4,0.7,0.2,-0.1227
0.4,0.7,0.3,-0.1222
0.4,0.7,0.4,-0.1347
0.4,0.7,0.5,-0.1294
0.4,0.7,0.6,-0.1148
0.4,0.7,0.7,-0.1153
0.4,0.7,0.8,-0.1293
0.4,0.7,0.9,-0.1434
0.4,0.7,1.0,-0.1353
0.4,0.8,0.1,-0.1194
0.4,0.8,0.2,-0.1268
0.4,0.8,0.3,-0.1337
0.4,0.8,0.4,-0.1324
0.4,0.8,0.5,-0.1152
0.4,0.8,0.6,-0.1219
0.4,0.8,0.7,-0.1316
0.4,0.8,0.8,-0.1152
0.4,0.8,0.9,-0.1126
0.4,0.8,1.0,-0.1151
0.4,0.9,0.1,-0.1223
0.4,0.9,0.2,-0.1276
0.4,0.9,0.3,-0.1127
0.4,0.9,0.4,-0.127
0.4,0.9,0.5,-0.1279
0.4,0.9,0.6,-0.1316
0.4,0.9,0.7,-0.1062
0.4,0.9,0.8,-0.1152
0.4,0.9,0.9,-0.1244
0.4,0.9,1.0,-0.1151
0.4,1.0,0.1,-0.127
0.4,1.0,0.2,-0.1259
0.4,1.0,0.3,-0.1174
0.4,1.0,0.4,-0.11
0.4,1.0,0.5,-0.1294
0.4,1.0,0.6,-0.1284
0.4,1.0,0.7,-0.1308
0.4,1.0,0.8,-0.1124
0.4,1.0,0.9,-0.139
0.4,1.0,1.0,-0.1265
0.5,0.1,0.1,-0.118
0.5,0.1,0.2,-0.1389
0.5,0.1,0.3,-0.1246
0.5,0.1,0.4,-0.1311
0.5,0.1,0.5,-0.1311
0.5,0.1,0.6,-0.1206
0.5,0.1,0.7,-0.1275
0.5,0.1,0.8,-0.1385
0.5,0.1,0.9,-0.1259
0.5,0.1,1.0,-0.1181
0.5,0.2,0.1,-0.1093
0.5,0.2,0.2,-0.1183
0.5,0.2,0.3,-0.1237
0.5,0.2,0.4,-0.128
0.5,0.2,0.5,-0.0958
0.5,0.2,0.6,-0.1331
0.5,0.2,0.7,-0.1212
0.5,0.2,0.8,-0.1297
0.5,0.2,0.9,-0.115
0.5,0.2,1.0,-0.1422
0.5,0.3,0.1,-0.1096
0.5,0.3,0.2,-0.1055
0.5,0.3,0.3,-0.1035
0.5,0.3,0.4,-0.1093
0.5,0.3,0.5,-0.1254
0.5,0.3,0.6,-0.1278
0.5,0.3,0.7,-0.1192
0.5,0.3,0.8,-0.1163
0.5,0.3,0.9,-0.1265
0.5,0.3,1.0,-0.1321
0.5,0.4,0.1,-0.1158
0.5,0.4,0.2,-0.1389
0.5,0.4,0.3,-0.1125
0.5,0.4,0.4,-0.1302
0.5,0.4,0.5,-0.1218
0.5,0.4,0.6,-0.1107
0.5,0.4,0.7,-0.1435
0.5,0.4,0.8,-0.1078
0.5,0.4,0.9,-0.1365
0.5,0.4,1.0,-0.1168
0.5,0.5,0.1,-0.1357
0.5,0.5,0.2,-0.1126
0.5,0.5,0.3,-0.1155
0.5,0.5,0.4,-0.1152
0.5,0.5,0.5,-0.1236
0.5,0.5,0.6,-0.1143
0.5,0.5,0.7,-0.1093
0.5,0.5,0.8,-0.1231
0.5,0.5,0.9,-0.1206
0.5,0.5,1.0,-0.1229
0.5,0.6,0.1,-0.1108
0.5,0.6,0.2,-0.132
0.5,0.6,0.3,-0.1083
0.5,0.6,0.4,-0.1227
0.5,0.6,0.5,-0.1168
0.5,0.6,0.6,-0.1114
0.5,0.6,0.7,-0.1275
0.5,0.6,0.8,-0.1268
0.5,0.6,0.9,-0.1234
0.5,0.6,1.0,-0.1208
0.5,0.7,0.1,-0.1157
0.5,0.7,0.2,-0.1168
0.5,0.7,0.3,-0.1085
0.5,0.7,0.4,-0.1254
0.5,0.7,0.5,-0.124
0.5,0.7,0.6,-0.1381
0.5,0.7,0.7,-0.1162
0.5,0.7,0.8,-0.1395
0.5,0.7,0.9,-0.1363
0.5,0.7,1.0,-0.1275
0.5,0.8,0.1,-0.1384
0.5,0.8,0.2,-0.131
0.5,0.8,0.3,-0.1303
0.5,0.8,0.4,-0.1314
0.5,0.8,0.5,-0.1484
0.5,0.8,0.6,-0.1342
0.5,0.8,0.7,-0.1412
0.5,0.8,0.8,-0.1231
0.5,0.8,0.9,-0.1177
0.5,0.8,1.0,-0.1349
0.5,0.9,0.1,-0.1209
0.5,0.9,0.2,-0.121
0.5,0.9,0.3,-0.1224
0.5,0.9,0.4,-0.108
0.5,0.9,0.5,-0.1165
0.5,0.9,0.6,-0.1283
0.5,0.9,0.7,-0.1248
0.5,0.9,0.8,-0.1271
0.5,0.9,0.9,-0.1125
0.5,0.9,1.0,-0.1289
0.5,1.0,0.1,-0.1074
0.5,1.0,0.2,-0.1044
0.5,1.0,0.3,-0.1061
0.5,1.0,0.4,-0.1153
0.5,1.0,0.5,-0.1515
0.5,1.0,0.6,-0.1308
0.5,1.0,0.7,-0.1254
0.5,1.0,0.8,-0.1298
0.5,1.0,0.9,-0.1263
0.5,1.0,1.0,-0.1353
0.6,0.1,0.1,-0.1223
0.6,0.1,0.2,-0.1202
0.6,0.1,0.3,-0.1082
0.6,0.1,0.4,-0.1297
0.6,0.1,0.5,-0.1151
0.6,0.1,0.6,-0.1269
0.6,0.1,0.7,-0.1346
0.6,0.1,0.8,-0.1368
0.6,0.1,0.9,-0.1306
0.6,0.1,1.0,-0.1105
0.6,0.2,0.1,-0.1252
0.6,0.2,0.2,-0.1251
0.6,0.2,0.3,-0.1027
0.6,0.2,0.4,-0.1164
0.6,0.2,0.5,-0.1276
0.6,0.2,0.6,-0.1332
0.6,0.2,0.7,-0.1267
0.6,0.2,0.8,-0.1426
0.6,0.2,0.9,-0.1178
0.6,0.2,1.0,-0.134
0.6,0.3,0.1,-0.1202
0.6,0.3,0.2,-0.1095
0.6,0.3,0.3,-0.1175
0.6,0.3,0.4,-0.1137
0.6,0.3,0.5,-0.1132
0.6,0.3,0.6,-0.1214
0.6,0.3,0.7,-0.1194
0.6,0.3,0.8,-0.1262
0.6,0.3,0.9,-0.125
0.6,0.3,1.0,-0.1341
0.6,0.4,0.1,-0.1215
0.6,0.4,0.2,-0.115
0.6,0.4,0.3,-0.1144
0.6,0.4,0.4,-0.1206
0.6,0.4,0.5,-0.1111
0.6,0.4,0.6,-0.1106
0.6,0.4,0.7,-0.1114
0.6,0.4,0.8,-0.1261
0.6,0.4,0.9,-0.1242
0.6,0.4,1.0,-0.1284
0.6,0.5,0.1,-0.134
0.6,0.5,0.2,-0.1212
0.6,0.5,0.3,-0.1097
0.6,0.5,0.4,-0.1263
0.6,0.5,0.5,-0.1256
0.6,0.5,0.6,-0.1409
0.6,0.5,0.7,-0.1133
0.6,0.5,0.8,-0.1317
0.6,0.5,0.9,-0.1198
0.6,0.5,1.0,-0.1218
0.6,0.6,0.1,-0.1194
0.6,0.6,0.2,-0.1191
0.6,0.6,0.3,-0.1368
0.6,0.6,0.4,-0.1307
0.6,0.6,0.5,-0.1159
0.6,0.6,0.6,-0.1124
0.6,0.6,0.7,-0.1346
0.6,0.6,0.8,-0.1275
0.6,0.6,0.9,-0.1374
0.6,0.6,1.0,-0.1351
0.6,0.7,0.1,-0.1208
0.6,0.7,0.2,-0.1212
0.6,0.7,0.3,-0.1338
0.6,0.7,0.4,-0.1319
0.6,0.7,0.5,-0.1207
0.6,0.7,0.6,-0.1107
0.6,0.7,0.7,-0.129
0.6,0.7,0.8,-0.1276
0.6,0.7,0.9,-0.1404
0.6,0.7,1.0,-0.1177
0.6,0.8,0.1,-0.118
0.6,0.8,0.2,-0.1203
0.6,0.8,0.3,-0.0986
0.6,0.8,0.4,-0.1274
0.6,0.8,0.5,-0.1121
0.6,0.8,0.6,-0.1193
0.6,0.8,0.7,-0.1227
0.6,0.8,0.8,-0.124
0.6,0.8,0.9,-0.1092
0.6,0.8,1.0,-0.1429
0.6,0.9,0.1,-0.1205
0.6,0.9,0.2,-0.1139
0.6,0.9,0.3,-0.1198
0.6,0.9,0.4,-0.1079
0.6,0.9,0.5,-0.1149
0.6,0.9,0.6,-0.1248
0.6,0.9,0.7,-0.105
0.6,0.9,0.8,-0.1215
0.6,0.9,0.9,-0.1095
0.6,0.9,1.0,-0.1244
0.6,1.0,0.1,-0.1056
0.6,1.0,0.2,-0.1187
0.6,1.0,0.3,-0.1232
0.6,1.0,0.4,-0.1194
0.6,1.0,0.5,-0.1067
0.6,1.0,0.6,-0.1321
0.6,1.0,0.7,-0.1209
0.6,1.0,0.8,-0.1303
0.6,1.0,0.9,-0.1285
0.6,1.0,1.0,-0.1263
0.7,0.1,0.1,-0.1263
0.7,0.1,0.2,-0.1028
0.7,0.1,0.3,-0.1036
0.7,0.1,0.4,-0.111
0.7,0.1,0.5,-0.116
0.7,0.1,0.6,-0.1153
0.7,0.1,0.7,-0.1182
0.7,0.1,0.8,-0.1006
0.7,0.1,0.9,-0.132
0.7,0.1,1.0,-0.1404
0.7,0.2,0.1,-0.1186
0.7,0.2,0.2,-0.1355
0.7,0.2,0.3,-0.1032
0.7,0.2,0.4,-0.128
0.7,0.2,0.5,-0.1335
0.7,0.2,0.6,-0.1134
0.7,0.2,0.7,-0.1385
0.7,0.2,0.8,-0.1214
0.7,0.2,0.9,-0.1313
0.7,0.2,1.0,-0.1012
0.7,0.3,0.1,-0.0993
0.7,0.3,0.2,-0.1342
0.7,0.3,0.3,-0.1346
0.7,0.3,0.4,-0.1167
0.7,0.3,0.5,-0.1223
0.7,0.3,0.6,-0.1162
0.7,0.3,0.7,-0.106
0.7,0.3,0.8,-0.1166
0.7,0.3,0.9,-0.1295
0.7,0.3,1.0,-0.1198
0.7,0.4,0.1,-0.1149
0.7,0.4,0.2,-0.1153
0.7,0.4,0.3,-0.1195
0.7,0.4,0.4,-0.1122
0.7,0.4,0.5,-0.127
0.7,0.4,0.6,-0.1211
0.7,0.4,0.7,-0.1295
0.7,0.4,0.8,-0.1099
0.7,0.4,0.9,-0.121
0.7,0.4,1.0,-0.1195
0.7,0.5,0.1,-0.1255
0.7,0.5,0.2,-0.1128
0.7,0.5,0.3,-0.116
0.7,0.5,0.4,-0.1079
0.7,0.5,0.5,-0.1164
0.7,0.5,0.6,-0.124
0.7,0.5,0.7,-0.1378
0.7,0.5,0.8,-0.1119
0.7,0.5,0.9,-0.1158
0.7,0.5,1.0,-0.1341
0.7,0.6,0.1,-0.1181
0.7,0.6,0.2,-0.1076
0.7,0.6,0.3,-0.1107
0.7,0.6,0.4,-0.1154
0.7,0.6,0.5,-0.1187
0.7,0.6,0.6,-0.1075
0.7,0.6,0.7,-0.1125
0.7,0.6,0.8,-0.1075
0.7,0.6,0.9,-0.1361
0.7,0.6,1.0,-0.1205
0.7,0.7,0.1,-0.1264
0.7,0.7,0.2,-0.1189
0.7,0.7,0.3,-0.1189
0.7,0.7,0.4,-0.1226
0.7,0.7,0.5,-0.1292
0.7,0.7,0.6,-0.1244
0.7,0.7,0.7,-0.1337
0.7,0.7,0.8,-0.1293
0.7,0.7,0.9,-0.1263
0.7,0.7,1.0,-0.1224
0.7,0.8,0.1,-0.1
0.7,0.8,0.2,-0.1395
0.7,0.8,0.3,-0.1245
0.7,0.8,0.4,-0.1209
0.7,0.8,0.5,-0.1298
0.7,0.8,0.6,-0.1299
0.7,0.8,0.7,-0.125
0.7,0.8,0.8,-0.1229
0.7,0.8,0.9,-0.1364
0.7,0.8,1.0,-0.1205
0.7,0.9,0.1,-0.13
0.7,0.9,0.2,-0.1424
0.7,0.9,0.3,-0.1471
0.7,0.9,0.4,-0.1061
0.7,0.9,0.5,-0.1158
0.7,0.9,0.6,-0.1299
0.7,0.9,0.7,-0.1276
0.7,0.9,0.8,-0.1347
0.7,0.9,0.9,-0.1157
0.7,0.9,1.0,-0.1315
0.7,1.0,0.1,-0.1234
0.7,1.0,0.2,-0.1135
0.7,1.0,0.3,-0.1219
0.7,1.0,0.4,-0.122
0.7,1.0,0.5,-0.1202
0.7,1.0,0.6,-0.1337
0.7,1.0,0.7,-0.1132
0.7,1.0,0.8,-0.1235
0.7,1.0,0.9,-0.1389
0.7,1.0,1.0,-0.1455
0.8,0.1,0.1,-0.1144
0.8,0.1,0.2,-0.1341
0.8,0.1,0.3,-0.1116
0.8,0.1,0.4,-0.1265
0.8,0.1,0.5,-0.1308
0.8,0.1,0.6,-0.1241
0.8,0.1,0.7,-0.1365
0.8,0.1,0.8,-0.1284
0.8,0.1,0.9,-0.1182
0.8,0.1,1.0,-0.1278
0.8,0.2,0.1,-0.1118
0.8,0.2,0.2,-0.1236
0.8,0.2,0.3,-0.1056
0.8,0.2,0.4,-0.1154
0.8,0.2,0.5,-0.1167
0.8,0.2,0.6,-0.1182
0.8,0.2,0.7,-0.1195
0.8,0.2,0.8,-0.1317
0.8,0.2,0.9,-0.1279
0.8,0.2,1.0,-0.1194
0.8,0.3,0.1,-0.1098
0.8,0.3,0.2,-0.1249
0.8,0.3,0.3,-0.1121
0.8,0.3,0.4,-0.116
0.8,0.3,0.5,-0.1231
0.8,0.3,0.6,-0.133
0.8,0.3,0.7,-0.1224
0.8,0.3,0.8,-0.1401
0.8,0.3,0.9,-0.1035
0.8,0.3,1.0,-0.1221
0.8,0.4,0.1,-0.1159
0.8,0.4,0.2,-0.1159
0.8,0.4,0.3,-0.1162
0.8,0.4,0.4,-0.1352
0.8,0.4,0.5,-0.1128
0.8,0.4,0.6,-0.1113
0.8,0.4,0.7,-0.1137
0.8,0.4,0.8,-0.1134
0.8,0.4,0.9,-0.1141
0.8,0.4,1.0,-0.126
0.8,0.5,0.1,-0.1199
0.8,0.5,0.2,-0.1275
0.8,0.5,0.3,-0.1246
0.8,0.5,0.4,-0.104
0.8,0.5,0.5,-0.1285
0.8,0.5,0.6,-0.1156
0.8,0.5,0.7,-0.1362
0.8,0.5,0.8,-0.1085
0.8,0.5,0.9,-0.1186
0.8,0.5,1.0,-0.1313
0.8,0.6,0.1,-0.1202
0.8,0.6,0.2,-0.1164
0.8,0.6,0.3,-0.1242
0.8,0.6,0.4,-0.1328
0.8,0.6,0.5,-0.1256
0.8,0.6,0.6,-0.1408
0.8,0.6,0.7,-0.1227
0.8,0.6,0.8,-0.1132
0.8,0.6,0.9,-0.1316
0.8,0.6,1.0,-0.1167
0.8,0.7,0.1,-0.1055
0.8,0.7,0.2,-0.1351
0.8,0.7,0.3,-0.128
0.8,0.7,0.4,-0.1141
0.8,0.7,0.5,-0.1288
0.8,0.7,0.6,-0.1271
0.8,0.7,0.7,-0.1168
0.8,0.7,0.8,-0.1354
0.8,0.7,0.9,-0.1264
0.8,0.7,1.0,-0.1269
0.8,0.8,0.1,-0.1134
0.8,0.8,0.2,-0.1247
0.8,0.8,0.3,-0.1164
0.8,0.8,0.4,-0.1252
0.8,0.8,0.5,-0.1163
0.8,0.8,0.6,-0.1066
0.8,0.8,0.7,-0.1325
0.8,0.8,0.8,-0.1274
0.8,0.8,0.9,-0.1174
0.8,0.8,1.0,-0.1407
0.8,0.9,0.1,-0.1162
0.8,0.9,0.2,-0.1294
0.8,0.9,0.3,-0.1109
0.8,0.9,0.4,-0.1161
0.8,0.9,0.5,-0.1406
0.8,0.9,0.6,-0.1227
0.8,0.9,0.7,-0.1327
0.8,0.9,0.8,-0.1262
0.8,0.9,0.9,-0.1161
0.8,0.9,1.0,-0.1306
0.8,1.0,0.1,-0.1198
0.8,1.0,0.2,-0.1082
0.8,1.0,0.3,-0.1214
0.8,1.0,0.4,-0.1369
0.8,1.0,0.5,-0.1299
0.8,1.0,0.6,-0.1289
0.8,1.0,0.7,-0.1275
0.8,1.0,0.8,-0.1204
0.8,1.0,0.9,-0.1178
0.8,1.0,1.0,-0.1063
0.9,0.1,0.1,-0.1225
0.9,0.1,0.2,-0.1023
0.9,0.1,0.3,-0.1147
0.9,0.1,0.4,-0.1272
0.9,0.1,0.5,-0.1265
0.9,0.1,0.6,-0.1184
0.9,0.1,0.7,-0.1352
0.9,0.1,0.8,-0.1153
0.9,0.1,0.9,-0.1247
0.9,0.1,1.0,-0.121
0.9,0.2,0.1,-0.1116
0.9,0.2,0.2,-0.1145
0.9,0.2,0.3,-0.1177
0.9,0.2,0.4,-0.1257
0.9,0.2,0.5,-0.1312
0.9,0.2,0.6,-0.1299
0.9,0.2,0.7,-0.1254
0.9,0.2,0.8,-0.1336
0.9,0.2,0.9,-0.1392
0.9,0.2,1.0,-0.1448
0.9,0.3,0.1,-0.1299
0.9,0.3,0.2,-0.1243
0.9,0.3,0.3,-0.1397
0.9,0.3,0.4,-0.1248
0.9,0.3,0.5,-0.1166
0.9,0.3,0.6,-0.1136
0.9,0.3,0.7,-0.1079
0.9,0.3,0.8,-0.1312
0.9,0.3,0.9,-0.1414
0.9,0.3,1.0,-0.1328
0.9,0.4,0.1,-0.1116
0.9,0.4,0.2,-0.1317
0.9,0.4,0.3,-0.139
0.9,0.4,0.4,-0.1276
0.9,0.4,0.5,-0.1223
0.9,0.4,0.6,-0.1234
0.9,0.4,0.7,-0.1184
0.9,0.4,0.8,-0.1005
0.9,0.4,0.9,-0.1295
0.9,0.4,1.0,-0.1303
0.9,0.5,0.1,-0.132
0.9,0.5,0.2,-0.1165
0.9,0.5,0.3,-0.1292
0.9,0.5,0.4,-0.1335
0.9,0.5,0.5,-0.1246
0.9,0.5,0.6,-0.1224
0.9,0.5,0.7,-0.1146
0.9,0.5,0.8,-0.1242
0.9,0.5,0.9,-0.1176
0.9,0.5,1.0,-0.1265
0.9,0.6,0.1,-0.1192
0.9,0.6,0.2,-0.1274
0.9,0.6,0.3,-0.1278
0.9,0.6,0.4,-0.1345
0.9,0.6,0.5,-0.1268
0.9,0.6,0.6,-0.124
0.9,0.6,0.7,-0.1226
0.9,0.6,0.8,-0.116
0.9,0.6,0.9,-0.1237
0.9,0.6,1.0,-0.1284
0.9,0.7,0.1,-0.1201
0.9,0.7,0.2,-0.1193
0.9,0.7,0.3,-0.1137
0.9,0.7,0.4,-0.1359
0.9,0.7,0.5,-0.137
0.9,0.7,0.6,-0.1168
0.9,0.7,0.7,-0.1249
0.9,0.7,0.8,-0.1262
0.9,0.7,0.9,-0.1307
0.9,0.7,1.0,-0.1177
0.9,0.8,0.1,-0.1246
0.9,0.8,0.2,-0.1219
0.9,0.8,0.3,-0.1204
0.9,0.8,0.4,-0.1211
0.9,0.8,0.5,-0.127
0.9,0.8,0.6,-0.1115
0.9,0.8,0.7,-0.112
0.9,0.8,0.8,-0.1186
0.9,0.8,0.9,-0.149
0.9,0.8,1.0,-0.1184
0.9,0.9,0.1,-0.1295
0.9,0.9,0.2,-0.1096
0.9,0.9,0.3,-0.1274
0.9,0.9,0.4,-0.1159
0.9,0.9,0.5,-0.1253
0.9,0.9,0.6,-0.1139
0.9,0.9,0.7,-0.1199
0.9,0.9,0.8,-0.1361
0.9,0.9,0.9,-0.1416
0.9,0.9,1.0,-0.1201
0.9,1.0,0.1,-0.1223
0.9,1.0,0.2,-0.1321
0.9,1.0,0.3,-0.1231
0.9,1.0,0.4,-0.1187
0.9,1.0,0.5,-0.1019
0.9,1.0,0.6,-0.1245
0.9,1.0,0.7,-0.113
0.9,1.0,0.8,-0.1254
0.9,1.0,0.9,-0.1343
0.9,1.0,1.0,-0.1064
1.0,0.1,0.1,-0.1277
1.0,0.1,0.2,-0.1242
1.0,0.1,0.3,-0.1131
1.0,0.1,0.4,-0.1104
1.0,0.1,0.5,-0.1189
1.0,0.1,0.6,-0.1155
1.0,0.1,0.7,-0.1097
1.0,0.1,0.8,-0.1054
1.0,0.1,0.9,-0.1167
1.0,0.1,1.0,-0.118
1.0,0.2,0.1,-0.1062
1.0,0.2,0.2,-0.122
1.0,0.2,0.3,-0.1357
1.0,0.2,0.4,-0.1347
1.0,0.2,0.5,-0.137
1.0,0.2,0.6,-0.1185
1.0,0.2,0.7,-0.1206
1.0,0.2,0.8,-0.1313
1.0,0.2,0.9,-0.12
1.0,0.2,1.0,-0.1236
1.0,0.3,0.1,-0.1243
1.0,0.3,0.2,-0.1122
1.0,0.3,0.3,-0.1365
1.0,0.3,0.4,-0.1218
1.0,0.3,0.5,-0.1141
1.0,0.3,0.6,-0.1359
1.0,0.3,0.7,-0.1286
1.0,0.3,0.8,-0.116
1.0,0.3,0.9,-0.1424
1.0,0.3,1.0,-0.1175
1.0,0.4,0.1,-0.1207
1.0,0.4,0.2,-0.1298
1.0,0.4,0.3,-0.1087
1.0,0.4,0.4,-0.1094
1.0,0.4,0.5,-0.1208
1.0,0.4,0.6,-0.1084
1.0,0.4,0.7,-0.1385
1.0,0.4,0.8,-0.1158
1.0,0.4,0.9,-0.113
1.0,0.4,1.0,-0.1143
1.0,0.5,0.1,-0.1164
1.0,0.5,0.2,-0.1137
1.0,0.5,0.3,-0.1291
1.0,0.5,0.4,-0.1162
1.0,0.5,0.5,-0.106
1.0,0.5,0.6,-0.117
1.0,0.5,0.7,-0.1282
1.0,0.5,0.8,-0.1148
1.0,0.5,0.9,-0.129
1.0,0.5,1.0,-0.1153
1.0,0.6,0.1,-0.1203
1.0,0.6,0.2,-0.1084
1.0,0.6,0.3,-0.1257
1.0,0.6,0.4,-0.1089
1.0,0.6,0.5,-0.1198
1.0,0.6,0.6,-0.1224
1.0,0.6,0.7,-0.1304
1.0,0.6,0.8,-0.1215
1.0,0.6,0.9,-0.1215
1.0,0.6,1.0,-0.1484
1.0,0.7,0.1,-0.1155
1.0,0.7,0.2,-0.1184
1.0,0.7,0.3,-0.1111
1.0,0.7,0.4,-0.1289
1.0,0.7,0.5,-0.1299
1.0,0.7,0.6,-0.137
1.0,0.7,0.7,-0.1369
1.0,0.7,0.8,-0.1219
1.0,0.7,0.9,-0.1218
1.0,0.7,1.0,-0.1315
1.0,0.8,0.1,-0.1034
1.0,0.8,0.2,-0.1164
1.0,0.8,0.3,-0.1188
1.0,0.8,0.4,-0.1296
1.0,0.8,0.5,-0.1224
1.0,0.8,0.6,-0.1313
1.0,0.8,0.7,-0.11
1.0,0.8,0.8,-0.1081
1.0,0.8,0.9,-0.1236
1.0,0.8,1.0,-0.1172
1.0,0.9,0.1,-0.1281
1.0,0.9,0.2,-0.1308
1.0,0.9,0.3,-0.1331
1.0,0.9,0.4,-0.1188
1.0,0.9,0.5,-0.1267
1.0,0.9,0.6,-0.0991
1.0,0.9,0.7,-0.1264
1.0,0.9,0.8,-0.1169
1.0,0.9,0.9,-0.1444
1.0,0.9,1.0,-0.1309
1.0,1.0,0.1,-0.1307
1.0,1.0,0.2,-0.1168
1.0,1.0,0.3,-0.1315
1.0,1.0,0.4,-0.1174
1.0,1.0,0.5,-0.1265
1.0,1.0,0.6,-0.1218
1.0,1.0,0.7,-0.1296
1.0,1.0,0.8,-0.1107
1.0,1.0,0.9,-0.1179
1.0,1.0,1.0,-0.1229
